{
  "SEI interface": {
    "best": 20.434524090831893,
    "index": 2,
    "integer": false,
    "label": "SEI interface",
    "mean": 18.24705681774445,
    "median": 17.39902550129346,
    "p68": [
      13.739513348733498,
      22.102953096905917
    ],
    "p68_range": [
      13.739513348733498,
      22.102953096905917
    ],
    "p95": [
      11.438852887767968,
      32.59470931991051
    ],
    "p95_range": [
      11.438852887767968,
      32.59470931991051
    ],
    "std": 4.999001312776177
  },
  "SEI rho": {
    "best": 4.984623771410106,
    "index": 3,
    "integer": false,
    "label": "SEI rho",
    "mean": 3.913517416316851,
    "median": 4.4029596420348875,
    "p68": [
      2.6307732437000575,
      4.87421165232626
    ],
    "p68_range": [
      2.6307732437000575,
      4.87421165232626
    ],
    "p95": [
      0.23314069602113352,
      4.982860752449692
    ],
    "p95_range": [
      0.23314069602113352,
      4.982860752449692
    ],
    "std": 1.2557814827095284
  },
  "SEI thickness": {
    "best": 53.36543669913983,
    "index": 4,
    "integer": false,
    "label": "SEI thickness",
    "mean": 29.80105794911929,
    "median": 35.08783190379353,
    "p68": [
      1.2079116243193389,
      46.0683555779986
    ],
    "p68_range": [
      1.2079116243193389,
      46.0683555779986
    ],
    "p95": [
      0.08102167829149914,
      51.31806270067175
    ],
    "p95_range": [
      0.08102167829149914,
      51.31806270067175
    ],
    "std": 17.18663138258046
  },
  "THF interface": {
    "best": 22.24283773840426,
    "index": 1,
    "integer": false,
    "label": "THF interface",
    "mean": 29.884397945951587,
    "median": 28.95385466667332,
    "p68": [
      24.01741065046811,
      36.33774355212361
    ],
    "p68_range": [
      24.01741065046811,
      36.33774355212361
    ],
    "p95": [
      20.735881622369313,
      42.469941211369225
    ],
    "p95_range": [
      20.735881622369313,
      42.469941211369225
    ],
    "std": 5.820037964249268
  },
  "material interface": {
    "best": 21.782646456364937,
    "index": 5,
    "integer": false,
    "label": "material interface",
    "mean": 23.379595531823515,
    "median": 23.254319944892362,
    "p68": [
      22.088615470802104,
      24.727253914219265
    ],
    "p68_range": [
      22.088615470802104,
      24.727253914219265
    ],
    "p95": [
      21.089997160430077,
      26.574293638993396
    ],
    "p95_range": [
      21.089997160430077,
      26.574293638993396
    ],
    "std": 1.3393810713368677
  },
  "material rho": {
    "best": 3.318893315701514,
    "index": 6,
    "integer": false,
    "label": "material rho",
    "mean": 3.5040185269247677,
    "median": 3.600736348210446,
    "p68": [
      3.265924656228861,
      3.789510229975169
    ],
    "p68_range": [
      3.265924656228861,
      3.789510229975169
    ],
    "p95": [
      2.247751551720646,
      3.9300382699769094
    ],
    "p95_range": [
      2.247751551720646,
      3.9300382699769094
    ],
    "std": 0.38097353338074935
  },
  "material thickness": {
    "best": 20.623127025608795,
    "index": 7,
    "integer": false,
    "label": "material thickness",
    "mean": 28.631406570694416,
    "median": 24.725589058666706,
    "p68": [
      21.33232344323255,
      43.36998553885102
    ],
    "p68_range": [
      21.33232344323255,
      43.36998553885102
    ],
    "p95": [
      20.240139659451497,
      51.70482263716811
    ],
    "p95_range": [
      20.240139659451497,
      51.70482263716811
    ],
    "std": 9.633910373464651
  }
}