{
  "SEI interface": {
    "best": 12.229457587375856,
    "index": 2,
    "integer": false,
    "label": "SEI interface",
    "mean": 15.384216337445963,
    "median": 14.749530420485243,
    "p68": [
      10.386333649707405,
      20.388839756186794
    ],
    "p68_range": [
      10.386333649707405,
      20.388839756186794
    ],
    "p95": [
      6.49106886594071,
      27.63825417252026
    ],
    "p95_range": [
      6.49106886594071,
      27.63825417252026
    ],
    "std": 5.35517282059574
  },
  "SEI irho": {
    "best": 0.23979622457234528,
    "index": 3,
    "integer": false,
    "label": "SEI irho",
    "mean": 0.24492664749603016,
    "median": 0.25104473570284797,
    "p68": [
      0.20418305105544687,
      0.28479720034568917
    ],
    "p68_range": [
      0.20418305105544687,
      0.28479720034568917
    ],
    "p95": [
      0.16046088811480042,
      0.29753416631241747
    ],
    "p95_range": [
      0.16046088811480042,
      0.29753416631241747
    ],
    "std": 0.03782837909317801
  },
  "SEI rho": {
    "best": 3.2019824201409874,
    "index": 4,
    "integer": false,
    "label": "SEI rho",
    "mean": 3.201363099082935,
    "median": 3.2010588171675454,
    "p68": [
      3.1401147435946606,
      3.2629131079100837
    ],
    "p68_range": [
      3.1401147435946606,
      3.2629131079100837
    ],
    "p95": [
      3.0834397677200496,
      3.320092543985999
    ],
    "p95_range": [
      3.0834397677200496,
      3.320092543985999
    ],
    "std": 0.061219624473281206
  },
  "SEI thickness": {
    "best": 244.4943523682369,
    "index": 5,
    "integer": false,
    "label": "SEI thickness",
    "mean": 241.24065827509384,
    "median": 242.00659684227873,
    "p68": [
      233.02173044023476,
      249.29564059269487
    ],
    "p68_range": [
      233.02173044023476,
      249.29564059269487
    ],
    "p95": [
      223.6770584927787,
      255.7934196923872
    ],
    "p95_range": [
      223.6770584927787,
      255.7934196923872
    ],
    "std": 8.250833737434961
  },
  "THF interface": {
    "best": 71.85985635262776,
    "index": 1,
    "integer": false,
    "label": "THF interface",
    "mean": 71.97753652057084,
    "median": 71.949141213829,
    "p68": [
      68.93277836265466,
      74.98569884067687
    ],
    "p68_range": [
      68.93277836265466,
      74.98569884067687
    ],
    "p95": [
      66.20672059026728,
      78.1312934848955
    ],
    "p95_range": [
      66.20672059026728,
      78.1312934848955
    ],
    "std": 3.052646517909507
  },
  "material interface": {
    "best": 18.879942968863258,
    "index": 6,
    "integer": false,
    "label": "material interface",
    "mean": 18.77094286621379,
    "median": 18.741309986062372,
    "p68": [
      18.026077007758683,
      19.516558113617737
    ],
    "p68_range": [
      18.026077007758683,
      19.516558113617737
    ],
    "p95": [
      17.359134422648896,
      20.332285132110734
    ],
    "p95_range": [
      17.359134422648896,
      20.332285132110734
    ],
    "std": 0.7593789315038245
  },
  "material irho": {
    "best": 0.052888815459232276,
    "index": 7,
    "integer": false,
    "label": "material irho",
    "mean": 0.059299233742357384,
    "median": 0.05056593841575202,
    "p68": [
      0.015601547694999746,
      0.10350514270482396
    ],
    "p68_range": [
      0.015601547694999746,
      0.10350514270482396
    ],
    "p95": [
      0.002325528314295145,
      0.1638681923078943
    ],
    "p95_range": [
      0.002325528314295145,
      0.1638681923078943
    ],
    "std": 0.04374583793003882
  },
  "material rho": {
    "best": 2.753886776733479,
    "index": 8,
    "integer": false,
    "label": "material rho",
    "mean": 2.753984284109434,
    "median": 2.7546659089536694,
    "p68": [
      2.68500370151271,
      2.8228581923134635
    ],
    "p68_range": [
      2.68500370151271,
      2.8228581923134635
    ],
    "p95": [
      2.619601950572389,
      2.8841992080851826
    ],
    "p95_range": [
      2.619601950572389,
      2.8841992080851826
    ],
    "std": 0.06801535862387886
  },
  "material thickness": {
    "best": 97.73970173130165,
    "index": 9,
    "integer": false,
    "label": "material thickness",
    "mean": 100.22361890773708,
    "median": 99.5075361719212,
    "p68": [
      94.23379525571798,
      106.7505252239108
    ],
    "p68_range": [
      94.23379525571798,
      106.7505252239108
    ],
    "p95": [
      89.27957365912425,
      114.53663764606276
    ],
    "p95_range": [
      89.27957365912425,
      114.53663764606276
    ],
    "std": 6.463950509631781
  }
}