{
  "Cu interface": {
    "best": 6.761067253132342,
    "index": 7,
    "integer": false,
    "label": "Cu interface",
    "mean": 6.716499212672785,
    "median": 6.7176940762483035,
    "p68": [
      6.642684981224771,
      6.789542876787057
    ],
    "p68_range": [
      6.642684981224771,
      6.789542876787057
    ],
    "p95": [
      6.583435115285263,
      6.847345862904527
    ],
    "p95_range": [
      6.583435115285263,
      6.847345862904527
    ],
    "std": 0.06939724802280078
  },
  "Cu rho": {
    "best": 6.485743032247825,
    "index": 8,
    "integer": false,
    "label": "Cu rho",
    "mean": 6.491927542230767,
    "median": 6.491422716724238,
    "p68": [
      6.465759811620003,
      6.51862245061861
    ],
    "p68_range": [
      6.465759811620003,
      6.51862245061861
    ],
    "p95": [
      6.44138574376016,
      6.543687025278726
    ],
    "p95_range": [
      6.44138574376016,
      6.543687025278726
    ],
    "std": 0.02662860574072559
  },
  "Cu thickness": {
    "best": 523.5305237821512,
    "index": 9,
    "integer": false,
    "label": "Cu thickness",
    "mean": 524.4777077131043,
    "median": 524.51033974716,
    "p68": [
      522.7564631128149,
      526.048530685749
    ],
    "p68_range": [
      522.7564631128149,
      526.048530685749
    ],
    "p95": [
      521.5530055781942,
      527.5229601572202
    ],
    "p95_range": [
      521.5530055781942,
      527.5229601572202
    ],
    "std": 1.565740493722005
  },
  "SiOx interface": {
    "best": 2.2767162953786158,
    "index": 13,
    "integer": false,
    "label": "SiOx interface",
    "mean": 2.5006280773060996,
    "median": 2.1717680996705475,
    "p68": [
      1.34351046388944,
      3.784501895637891
    ],
    "p68_range": [
      1.34351046388944,
      3.784501895637891
    ],
    "p95": [
      1.0693047803147484,
      5.391282082859965
    ],
    "p95_range": [
      1.0693047803147484,
      5.391282082859965
    ],
    "std": 1.2162067979398836
  },
  "SiOx rho": {
    "best": 2.869554812862437,
    "index": 14,
    "integer": false,
    "label": "SiOx rho",
    "mean": 2.8662184360551115,
    "median": 2.8692245852060565,
    "p68": [
      2.785403670366402,
      2.9344281177771694
    ],
    "p68_range": [
      2.785403670366402,
      2.9344281177771694
    ],
    "p95": [
      2.702351075878181,
      3.0500329510541326
    ],
    "p95_range": [
      2.702351075878181,
      3.0500329510541326
    ],
    "std": 0.08392992212455312
  },
  "SiOx thickness": {
    "best": 23.694346599107845,
    "index": 15,
    "integer": false,
    "label": "SiOx thickness",
    "mean": 24.23715468912707,
    "median": 24.264767709667282,
    "p68": [
      23.11023023062605,
      25.42667735805685
    ],
    "p68_range": [
      23.11023023062605,
      25.42667735805685
    ],
    "p95": [
      21.878808493649935,
      26.56481375000722
    ],
    "p95_range": [
      21.878808493649935,
      26.56481375000722
    ],
    "std": 1.189378190411105
  },
  "THF interface": {
    "best": 31.579344353462634,
    "index": 2,
    "integer": false,
    "label": "THF interface",
    "mean": 32.85738495689068,
    "median": 32.70271821480751,
    "p68": [
      28.919061677395447,
      36.69925635838112
    ],
    "p68_range": [
      28.919061677395447,
      36.69925635838112
    ],
    "p95": [
      26.274449037132037,
      40.565604675055994
    ],
    "p95_range": [
      26.274449037132037,
      40.565604675055994
    ],
    "std": 3.7323776283185595
  },
  "THF rho": {
    "best": 6.2152747643551765,
    "index": 3,
    "integer": false,
    "label": "THF rho",
    "mean": 6.206887714834016,
    "median": 6.214599517165104,
    "p68": [
      6.186520542805909,
      6.229907875412136
    ],
    "p68_range": [
      6.186520542805909,
      6.229907875412136
    ],
    "p95": [
      6.114784408567159,
      6.239938468909371
    ],
    "p95_range": [
      6.114784408567159,
      6.239938468909371
    ],
    "std": 0.028682182311859043
  },
  "Ti interface": {
    "best": 9.91217272294921,
    "index": 10,
    "integer": false,
    "label": "Ti interface",
    "mean": 9.737462635404466,
    "median": 9.804366087217382,
    "p68": [
      9.533510246066134,
      9.947469742438859
    ],
    "p68_range": [
      9.533510246066134,
      9.947469742438859
    ],
    "p95": [
      9.140098723232558,
      9.991064123289663
    ],
    "p95_range": [
      9.140098723232558,
      9.991064123289663
    ],
    "std": 0.2312479225078944
  },
  "Ti rho": {
    "best": -2.4438556505039144,
    "index": 11,
    "integer": false,
    "label": "Ti rho",
    "mean": -2.401864229409368,
    "median": -2.403371188975832,
    "p68": [
      -2.450657896584152,
      -2.3505341088693648
    ],
    "p68_range": [
      -2.450657896584152,
      -2.3505341088693648
    ],
    "p95": [
      -2.4987571972432363,
      -2.308889426448715
    ],
    "p95_range": [
      -2.4987571972432363,
      -2.308889426448715
    ],
    "std": 0.04913573264314679
  },
  "Ti thickness": {
    "best": 52.83876952646695,
    "index": 12,
    "integer": false,
    "label": "Ti thickness",
    "mean": 52.75884624663512,
    "median": 52.75400736650783,
    "p68": [
      52.48506262485418,
      53.02305801044096
    ],
    "p68_range": [
      52.48506262485418,
      53.02305801044096
    ],
    "p95": [
      52.23146910117432,
      53.34950051371987
    ],
    "p95_range": [
      52.23146910117432,
      53.34950051371987
    ],
    "std": 0.2762334013912383
  },
  "intensity": {
    "best": 1.0408513947631464,
    "index": 1,
    "integer": false,
    "label": "intensity",
    "mean": 1.0435993192107498,
    "median": 1.0442462450670245,
    "p68": [
      1.0315266412884048,
      1.054915517762131
    ],
    "p68_range": [
      1.0315266412884048,
      1.054915517762131
    ],
    "p95": [
      1.0199088100092195,
      1.0643166495006227
    ],
    "p95_range": [
      1.0199088100092195,
      1.0643166495006227
    ],
    "std": 0.011336015904511497
  },
  "material interface": {
    "best": 18.8105316455534,
    "index": 4,
    "integer": false,
    "label": "material interface",
    "mean": 19.36205849843815,
    "median": 19.249700389000246,
    "p68": [
      18.044397453915774,
      20.67521076559233
    ],
    "p68_range": [
      18.044397453915774,
      20.67521076559233
    ],
    "p95": [
      16.933778174533014,
      22.471966001058007
    ],
    "p95_range": [
      16.933778174533014,
      22.471966001058007
    ],
    "std": 1.3840423757566456
  },
  "material rho": {
    "best": 4.412367650730241,
    "index": 5,
    "integer": false,
    "label": "material rho",
    "mean": 4.267981787958718,
    "median": 4.321255370241819,
    "p68": [
      4.038864538619588,
      4.495982350590703
    ],
    "p68_range": [
      4.038864538619588,
      4.495982350590703
    ],
    "p95": [
      3.618702349102558,
      4.622857817395023
    ],
    "p95_range": [
      3.618702349102558,
      4.622857817395023
    ],
    "std": 0.25783819498686833
  },
  "material thickness": {
    "best": 67.93411163303381,
    "index": 6,
    "integer": false,
    "label": "material thickness",
    "mean": 64.21261838400002,
    "median": 64.92020671942109,
    "p68": [
      57.49092583556387,
      70.80611808180907
    ],
    "p68_range": [
      57.49092583556387,
      70.80611808180907
    ],
    "p95": [
      48.40010159039613,
      75.55174583042229
    ],
    "p95_range": [
      48.40010159039613,
      75.55174583042229
    ],
    "std": 6.779699735837069
  }
}