{
  "Cu interface": {
    "best": 6.611781359048257,
    "index": 8,
    "integer": false,
    "label": "Cu interface",
    "mean": 6.6085578340104725,
    "median": 6.609130459660272,
    "p68": [
      6.541692520603992,
      6.671367445355793
    ],
    "p68_range": [
      6.541692520603992,
      6.671367445355793
    ],
    "p95": [
      6.484628896553483,
      6.735665289788238
    ],
    "p95_range": [
      6.484628896553483,
      6.735665289788238
    ],
    "std": 0.06415252976455152
  },
  "Cu thickness": {
    "best": 532.6524434315168,
    "index": 9,
    "integer": false,
    "label": "Cu thickness",
    "mean": 532.6536350042621,
    "median": 532.6406572817389,
    "p68": [
      532.124195078884,
      533.1912111844842
    ],
    "p68_range": [
      532.124195078884,
      533.1912111844842
    ],
    "p95": [
      531.63198490839,
      533.7011661656705
    ],
    "p95_range": [
      531.63198490839,
      533.7011661656705
    ],
    "std": 0.5376135953149038
  },
  "SEI interface": {
    "best": 12.627782546685927,
    "index": 2,
    "integer": false,
    "label": "SEI interface",
    "mean": 12.229496960283583,
    "median": 11.941623771519776,
    "p68": [
      7.721014323919689,
      16.528405856794812
    ],
    "p68_range": [
      7.721014323919689,
      16.528405856794812
    ],
    "p95": [
      3.486940413804941,
      22.485196847022756
    ],
    "p95_range": [
      3.486940413804941,
      22.485196847022756
    ],
    "std": 4.802770251210595
  },
  "SEI rho": {
    "best": 3.1663448398018947,
    "index": 3,
    "integer": false,
    "label": "SEI rho",
    "mean": 3.146542936980544,
    "median": 3.150504793194465,
    "p68": [
      3.0801437634296467,
      3.208163474685671
    ],
    "p68_range": [
      3.0801437634296467,
      3.208163474685671
    ],
    "p95": [
      3.018676731468713,
      3.269118003721284
    ],
    "p95_range": [
      3.018676731468713,
      3.269118003721284
    ],
    "std": 0.0648218906846333
  },
  "SEI thickness": {
    "best": 256.5591921748873,
    "index": 4,
    "integer": false,
    "label": "SEI thickness",
    "mean": 257.2393657385939,
    "median": 257.17266388575257,
    "p68": [
      251.33636059601912,
      263.15390068191886
    ],
    "p68_range": [
      251.33636059601912,
      263.15390068191886
    ],
    "p95": [
      245.16634912116214,
      268.46054504679404
    ],
    "p95_range": [
      245.16634912116214,
      268.46054504679404
    ],
    "std": 5.985100431408637
  },
  "THF interface": {
    "best": 79.28321963640005,
    "index": 1,
    "integer": false,
    "label": "THF interface",
    "mean": 78.36067612557802,
    "median": 78.37520288961917,
    "p68": [
      75.81941104333104,
      80.84277594402958
    ],
    "p68_range": [
      75.81941104333104,
      80.84277594402958
    ],
    "p95": [
      73.3551513198743,
      83.5834744899474
    ],
    "p95_range": [
      73.3551513198743,
      83.5834744899474
    ],
    "std": 2.58794748785402
  },
  "Ti interface": {
    "best": 10.58837947113687,
    "index": 10,
    "integer": false,
    "label": "Ti interface",
    "mean": 10.556540391193357,
    "median": 10.55500334446999,
    "p68": [
      10.415671633987923,
      10.695484757203133
    ],
    "p68_range": [
      10.415671633987923,
      10.695484757203133
    ],
    "p95": [
      10.27903564473786,
      10.84404413805114
    ],
    "p95_range": [
      10.27903564473786,
      10.84404413805114
    ],
    "std": 0.14216525824449308
  },
  "Ti rho": {
    "best": -3.0049690514100362,
    "index": 11,
    "integer": false,
    "label": "Ti rho",
    "mean": -3.0096779704552303,
    "median": -3.0097588925974965,
    "p68": [
      -3.0409794391506306,
      -2.9784933188058735
    ],
    "p68_range": [
      -3.0409794391506306,
      -2.9784933188058735
    ],
    "p95": [
      -3.0734879447998273,
      -2.9490130402577046
    ],
    "p95_range": [
      -3.0734879447998273,
      -2.9490130402577046
    ],
    "std": 0.031629520097887213
  },
  "Ti thickness": {
    "best": 52.63562501742674,
    "index": 12,
    "integer": false,
    "label": "Ti thickness",
    "mean": 52.66101482754723,
    "median": 52.658324405315945,
    "p68": [
      52.554123749331,
      52.77126765032654
    ],
    "p68_range": [
      52.554123749331,
      52.77126765032654
    ],
    "p95": [
      52.444852870820874,
      52.881518200552115
    ],
    "p95_range": [
      52.444852870820874,
      52.881518200552115
    ],
    "std": 0.10916368007825773
  },
  "material interface": {
    "best": 19.46303808973195,
    "index": 5,
    "integer": false,
    "label": "material interface",
    "mean": 19.630161408544254,
    "median": 19.60608312472811,
    "p68": [
      18.995683876032967,
      20.273891028377673
    ],
    "p68_range": [
      18.995683876032967,
      20.273891028377673
    ],
    "p95": [
      18.379229898446596,
      20.948998871899544
    ],
    "p95_range": [
      18.379229898446596,
      20.948998871899544
    ],
    "std": 0.6548131497603232
  },
  "material rho": {
    "best": 2.8428823396604295,
    "index": 6,
    "integer": false,
    "label": "material rho",
    "mean": 2.8209954218628357,
    "median": 2.821134169787917,
    "p68": [
      2.7627527317439324,
      2.880813299215386
    ],
    "p68_range": [
      2.7627527317439324,
      2.880813299215386
    ],
    "p95": [
      2.7030218643721944,
      2.932225020213155
    ],
    "p95_range": [
      2.7030218643721944,
      2.932225020213155
    ],
    "std": 0.05926432880088895
  },
  "material thickness": {
    "best": 88.61444478075911,
    "index": 7,
    "integer": false,
    "label": "material thickness",
    "mean": 85.62107698658477,
    "median": 85.496894839642,
    "p68": [
      81.73324828739192,
      89.51199433905951
    ],
    "p68_range": [
      81.73324828739192,
      89.51199433905951
    ],
    "p95": [
      77.55686889155007,
      94.52144252863877
    ],
    "p95_range": [
      77.55686889155007,
      94.52144252863877
    ],
    "std": 4.229551223391018
  }
}