{
  "SEI interface": {
    "best": 13.11495372360279,
    "index": 2,
    "integer": false,
    "label": "SEI interface",
    "mean": 17.10240536394104,
    "median": 16.281439206689498,
    "p68": [
      12.896210044487955,
      21.378460812816552
    ],
    "p68_range": [
      12.896210044487955,
      21.378460812816552
    ],
    "p95": [
      11.364948138165046,
      27.577844034566297
    ],
    "p95_range": [
      11.364948138165046,
      27.577844034566297
    ],
    "std": 4.297274100766553
  },
  "SEI rho": {
    "best": 3.1691027459567103,
    "index": 3,
    "integer": false,
    "label": "SEI rho",
    "mean": 3.1929504475327093,
    "median": 3.1934290591684387,
    "p68": [
      3.1312088566413223,
      3.255288842756143
    ],
    "p68_range": [
      3.1312088566413223,
      3.255288842756143
    ],
    "p95": [
      3.07021711543281,
      3.3133303688971365
    ],
    "p95_range": [
      3.07021711543281,
      3.3133303688971365
    ],
    "std": 0.061945696288142074
  },
  "SEI thickness": {
    "best": 240.41691496605978,
    "index": 4,
    "integer": false,
    "label": "SEI thickness",
    "mean": 239.20105210031988,
    "median": 239.48185189263558,
    "p68": [
      232.37962343400554,
      246.01002726762397
    ],
    "p68_range": [
      232.37962343400554,
      246.01002726762397
    ],
    "p95": [
      224.76276852828803,
      251.7916359404822
    ],
    "p95_range": [
      224.76276852828803,
      251.7916359404822
    ],
    "std": 6.896699804148486
  },
  "THF interface": {
    "best": 73.41207480851146,
    "index": 1,
    "integer": false,
    "label": "THF interface",
    "mean": 73.20517573841565,
    "median": 73.11186720613495,
    "p68": [
      70.29760553826074,
      76.07720385498762
    ],
    "p68_range": [
      70.29760553826074,
      76.07720385498762
    ],
    "p95": [
      67.70231167364207,
      79.05848945470206
    ],
    "p95_range": [
      67.70231167364207,
      79.05848945470206
    ],
    "std": 2.9253013110532766
  },
  "material interface": {
    "best": 18.851584771756382,
    "index": 5,
    "integer": false,
    "label": "material interface",
    "mean": 18.80088334867947,
    "median": 18.78368488487861,
    "p68": [
      18.063232790141555,
      19.51995951136903
    ],
    "p68_range": [
      18.063232790141555,
      19.51995951136903
    ],
    "p95": [
      17.429110592022013,
      20.366205763022002
    ],
    "p95_range": [
      17.429110592022013,
      20.366205763022002
    ],
    "std": 0.7398644303261234
  },
  "material rho": {
    "best": 2.736762513045819,
    "index": 6,
    "integer": false,
    "label": "material rho",
    "mean": 2.7435776194733363,
    "median": 2.7433114528192446,
    "p68": [
      2.678651010278447,
      2.8097438447467327
    ],
    "p68_range": [
      2.678651010278447,
      2.8097438447467327
    ],
    "p95": [
      2.613645468003274,
      2.8695993171481784
    ],
    "p95_range": [
      2.613645468003274,
      2.8695993171481784
    ],
    "std": 0.06543673786792764
  },
  "material thickness": {
    "best": 100.58214717026975,
    "index": 7,
    "integer": false,
    "label": "material thickness",
    "mean": 102.2645509489598,
    "median": 101.77303185174932,
    "p68": [
      97.51190046956283,
      107.01363425864955
    ],
    "p68_range": [
      97.51190046956283,
      107.01363425864955
    ],
    "p95": [
      93.95953644422269,
      113.16333054487315
    ],
    "p95_range": [
      93.95953644422269,
      113.16333054487315
    ],
    "std": 4.899307774529449
  }
}