{
  "Cu interface": {
    "best": 6.36080686789179,
    "index": 21,
    "integer": false,
    "label": "Cu interface",
    "mean": 6.316356297776502,
    "median": 6.313821893899725,
    "p68": [
      6.201786607745486,
      6.434202907455851
    ],
    "p68_range": [
      6.201786607745486,
      6.434202907455851
    ],
    "p95": [
      6.100679988046078,
      6.5493819505720055
    ],
    "p95_range": [
      6.100679988046078,
      6.5493819505720055
    ],
    "std": 0.11318038574782249
  },
  "Cu rho": {
    "best": 6.473029586978745,
    "index": 8,
    "integer": false,
    "label": "Cu rho",
    "mean": 6.462323562959535,
    "median": 6.4637427948690185,
    "p68": [
      6.433388419403861,
      6.488155022375734
    ],
    "p68_range": [
      6.433388419403861,
      6.488155022375734
    ],
    "p95": [
      6.407176799301277,
      6.515896488275176
    ],
    "p95_range": [
      6.407176799301277,
      6.515896488275176
    ],
    "std": 0.02787695115949123
  },
  "Cu thickness": {
    "best": 548.3192706577407,
    "index": 22,
    "integer": false,
    "label": "Cu thickness",
    "mean": 548.7984742407849,
    "median": 549.0616385707488,
    "p68": [
      546.0992328088921,
      551.3231068758342
    ],
    "p68_range": [
      546.0992328088921,
      551.3231068758342
    ],
    "p95": [
      542.867996734149,
      553.214132597742
    ],
    "p95_range": [
      542.867996734149,
      553.214132597742
    ],
    "std": 2.6482377394342977
  },
  "SEI interface": {
    "best": 33.226644267129174,
    "index": 15,
    "integer": false,
    "label": "SEI interface",
    "mean": 27.68187537847579,
    "median": 26.532715005584116,
    "p68": [
      23.711574765699208,
      32.3168556752479
    ],
    "p68_range": [
      23.711574765699208,
      32.3168556752479
    ],
    "p95": [
      19.649785088813385,
      41.33460165484996
    ],
    "p95_range": [
      19.649785088813385,
      41.33460165484996
    ],
    "std": 5.316564140674143
  },
  "SEI rho": {
    "best": 4.110994955926484,
    "index": 16,
    "integer": false,
    "label": "SEI rho",
    "mean": 3.8548388841060097,
    "median": 3.836992498369043,
    "p68": [
      3.6509137176858353,
      4.073709904431475
    ],
    "p68_range": [
      3.6509137176858353,
      4.073709904431475
    ],
    "p95": [
      3.3970036775376484,
      4.396007926970919
    ],
    "p95_range": [
      3.3970036775376484,
      4.396007926970919
    ],
    "std": 0.2343622327246977
  },
  "SEI thickness": {
    "best": 291.1627849397522,
    "index": 17,
    "integer": false,
    "label": "SEI thickness",
    "mean": 289.6408224963881,
    "median": 288.8283337119181,
    "p68": [
      280.2384026435853,
      299.51877724633596
    ],
    "p68_range": [
      280.2384026435853,
      299.51877724633596
    ],
    "p95": [
      268.66149386746645,
      312.68857780283645
    ],
    "p95_range": [
      268.66149386746645,
      312.68857780283645
    ],
    "std": 10.631165269610095
  },
  "THF interface": {
    "best": 100.02882265978899,
    "index": 14,
    "integer": false,
    "label": "THF interface",
    "mean": 98.07322853661177,
    "median": 97.75516597449698,
    "p68": [
      91.90272957592789,
      103.65504796482422
    ],
    "p68_range": [
      91.90272957592789,
      103.65504796482422
    ],
    "p95": [
      85.02493451651999,
      116.71094261601391
    ],
    "p95_range": [
      85.02493451651999,
      116.71094261601391
    ],
    "std": 6.942596966725387
  },
  "THF rho": {
    "best": 5.996156864187094,
    "index": 3,
    "integer": false,
    "label": "THF rho",
    "mean": 6.006978067026731,
    "median": 5.995577267342797,
    "p68": [
      5.952807641383259,
      6.080760000036632
    ],
    "p68_range": [
      5.952807641383259,
      6.080760000036632
    ],
    "p95": [
      5.900246634631885,
      6.108905493960363
    ],
    "p95_range": [
      5.900246634631885,
      6.108905493960363
    ],
    "std": 0.05800468179463709
  },
  "Ti interface": {
    "best": 6.465746974481088,
    "index": 23,
    "integer": false,
    "label": "Ti interface",
    "mean": 6.531099742172282,
    "median": 6.544011783483169,
    "p68": [
      6.282097515492148,
      6.752910685457636
    ],
    "p68_range": [
      6.282097515492148,
      6.752910685457636
    ],
    "p95": [
      6.056098369936263,
      7.0046458379740715
    ],
    "p95_range": [
      6.056098369936263,
      7.0046458379740715
    ],
    "std": 0.24097989375824364
  },
  "Ti rho": {
    "best": -2.9701885341677925,
    "index": 24,
    "integer": false,
    "label": "Ti rho",
    "mean": -2.9637104711528055,
    "median": -2.971196009534513,
    "p68": [
      -2.9872025698621005,
      -2.9386509467903705
    ],
    "p68_range": [
      -2.9872025698621005,
      -2.9386509467903705
    ],
    "p95": [
      -2.9959615077230857,
      -2.8924702728015803
    ],
    "p95_range": [
      -2.9959615077230857,
      -2.8924702728015803
    ],
    "std": 0.0266661857280217
  },
  "Ti thickness": {
    "best": 49.3631845817638,
    "index": 25,
    "integer": false,
    "label": "Ti thickness",
    "mean": 49.54061265206493,
    "median": 49.542478889609264,
    "p68": [
      49.38330343364924,
      49.688609692138876
    ],
    "p68_range": [
      49.38330343364924,
      49.688609692138876
    ],
    "p95": [
      49.22303992798335,
      49.88796639434614
    ],
    "p95_range": [
      49.22303992798335,
      49.88796639434614
    ],
    "std": 0.16150680190418581
  },
  "intensity": {
    "best": 0.9791609514699416,
    "index": 13,
    "integer": false,
    "label": "intensity",
    "mean": 0.9760108351500736,
    "median": 0.9754157345544211,
    "p68": [
      0.9647656565752581,
      0.9864493504124809
    ],
    "p68_range": [
      0.9647656565752581,
      0.9864493504124809
    ],
    "p95": [
      0.9551897608589173,
      0.998338712644569
    ],
    "p95_range": [
      0.9551897608589173,
      0.998338712644569
    ],
    "std": 0.010992545171747232
  },
  "material interface": {
    "best": 24.025769167322938,
    "index": 18,
    "integer": false,
    "label": "material interface",
    "mean": 23.156534013118122,
    "median": 23.274362876456042,
    "p68": [
      21.7429590485334,
      24.452921281075767
    ],
    "p68_range": [
      21.7429590485334,
      24.452921281075767
    ],
    "p95": [
      20.16479701932473,
      25.67082714721955
    ],
    "p95_range": [
      20.16479701932473,
      25.67082714721955
    ],
    "std": 1.3843363553528696
  },
  "material rho": {
    "best": 0.9834582425069794,
    "index": 19,
    "integer": false,
    "label": "material rho",
    "mean": 1.3721593581361193,
    "median": 1.3291028528234203,
    "p68": [
      0.7215283779592885,
      2.0359949687417798
    ],
    "p68_range": [
      0.7215283779592885,
      2.0359949687417798
    ],
    "p95": [
      0.008799482453299083,
      2.854776924726545
    ],
    "p95_range": [
      0.008799482453299083,
      2.854776924726545
    ],
    "std": 0.6935720748327688
  },
  "material thickness": {
    "best": 14.928287119488225,
    "index": 20,
    "integer": false,
    "label": "material thickness",
    "mean": 16.249395874446122,
    "median": 16.222167646949117,
    "p68": [
      12.700586286615522,
      19.296644434545296
    ],
    "p68_range": [
      12.700586286615522,
      19.296644434545296
    ],
    "p95": [
      10.650825297080365,
      24.17318865768997
    ],
    "p95_range": [
      10.650825297080365,
      24.17318865768997
    ],
    "std": 3.4535223901148644
  }
}