{
  "Cu interface": {
    "best": 6.385317765997617,
    "index": 9,
    "integer": false,
    "label": "Cu interface",
    "mean": 6.346165514421221,
    "median": 6.345670124478357,
    "p68": [
      6.2828779747307175,
      6.409546344474454
    ],
    "p68_range": [
      6.2828779747307175,
      6.409546344474454
    ],
    "p95": [
      6.229018048012693,
      6.467951933864862
    ],
    "p95_range": [
      6.229018048012693,
      6.467951933864862
    ],
    "std": 0.06162692029211368
  },
  "Cu thickness": {
    "best": 532.881754418842,
    "index": 10,
    "integer": false,
    "label": "Cu thickness",
    "mean": 532.6595031689889,
    "median": 532.6554871076104,
    "p68": [
      532.0886552955651,
      533.2344562784415
    ],
    "p68_range": [
      532.0886552955651,
      533.2344562784415
    ],
    "p95": [
      531.5169649091845,
      533.8371495328443
    ],
    "p95_range": [
      531.5169649091845,
      533.8371495328443
    ],
    "std": 0.5809453902952678
  },
  "SEI interface": {
    "best": 11.920060320350782,
    "index": 3,
    "integer": false,
    "label": "SEI interface",
    "mean": 13.91362983338014,
    "median": 13.575593376721015,
    "p68": [
      9.573543810041384,
      18.484709059384546
    ],
    "p68_range": [
      9.573543810041384,
      18.484709059384546
    ],
    "p95": [
      5.303064444896573,
      24.084921686190913
    ],
    "p95_range": [
      5.303064444896573,
      24.084921686190913
    ],
    "std": 4.63251145284987
  },
  "SEI rho": {
    "best": 3.188853646438196,
    "index": 4,
    "integer": false,
    "label": "SEI rho",
    "mean": 3.2794104551200105,
    "median": 3.2192397588021673,
    "p68": [
      3.1734283563549948,
      3.3229881482973815
    ],
    "p68_range": [
      3.1734283563549948,
      3.3229881482973815
    ],
    "p95": [
      3.0684229229100564,
      4.356154096450195
    ],
    "p95_range": [
      3.0684229229100564,
      4.356154096450195
    ],
    "std": 0.2665267948742441
  },
  "SEI thickness": {
    "best": 259.2866623664494,
    "index": 5,
    "integer": false,
    "label": "SEI thickness",
    "mean": 260.714592268101,
    "median": 260.699616363255,
    "p68": [
      254.44775954584767,
      266.54478638916476
    ],
    "p68_range": [
      254.44775954584767,
      266.54478638916476
    ],
    "p95": [
      249.3712939091125,
      274.39591216958513
    ],
    "p95_range": [
      249.3712939091125,
      274.39591216958513
    ],
    "std": 6.371780527701757
  },
  "THF interface": {
    "best": 76.85760433286761,
    "index": 2,
    "integer": false,
    "label": "THF interface",
    "mean": 76.48332265339874,
    "median": 76.55647892446456,
    "p68": [
      73.60402502078553,
      79.42753348355026
    ],
    "p68_range": [
      73.60402502078553,
      79.42753348355026
    ],
    "p95": [
      70.21218414639394,
      81.9054231617714
    ],
    "p95_range": [
      70.21218414639394,
      81.9054231617714
    ],
    "std": 2.984332668020307
  },
  "Ti interface": {
    "best": 8.97689856589019,
    "index": 11,
    "integer": false,
    "label": "Ti interface",
    "mean": 8.92324108574628,
    "median": 8.945038271110228,
    "p68": [
      8.859378026513012,
      8.984997151594307
    ],
    "p68_range": [
      8.859378026513012,
      8.984997151594307
    ],
    "p95": [
      8.717496057154847,
      8.997751509871625
    ],
    "p95_range": [
      8.717496057154847,
      8.997751509871625
    ],
    "std": 0.07334861635550456
  },
  "Ti rho": {
    "best": -3.177456875525934,
    "index": 12,
    "integer": false,
    "label": "Ti rho",
    "mean": -3.140398866611193,
    "median": -3.1413180553252817,
    "p68": [
      -3.1939225569052216,
      -3.0865849208325864
    ],
    "p68_range": [
      -3.1939225569052216,
      -3.0865849208325864
    ],
    "p95": [
      -3.2443144568185645,
      -3.036042064485809
    ],
    "p95_range": [
      -3.2443144568185645,
      -3.036042064485809
    ],
    "std": 0.05433882859969743
  },
  "Ti thickness": {
    "best": 51.51977924600822,
    "index": 13,
    "integer": false,
    "label": "Ti thickness",
    "mean": 51.66888661740097,
    "median": 51.66826765769796,
    "p68": [
      51.522190301860476,
      51.81873467652791
    ],
    "p68_range": [
      51.522190301860476,
      51.81873467652791
    ],
    "p95": [
      51.38717706147027,
      51.95521314721395
    ],
    "p95_range": [
      51.38717706147027,
      51.95521314721395
    ],
    "std": 0.14550450610558632
  },
  "intensity": {
    "best": 0.9875868392128957,
    "index": 1,
    "integer": false,
    "label": "intensity",
    "mean": 0.9895342300733704,
    "median": 0.9895029870625061,
    "p68": [
      0.9796668332409897,
      0.9994761411248682
    ],
    "p68_range": [
      0.9796668332409897,
      0.9994761411248682
    ],
    "p95": [
      0.9699937948720563,
      1.0084599473871527
    ],
    "p95_range": [
      0.9699937948720563,
      1.0084599473871527
    ],
    "std": 0.009934136903830477
  },
  "material interface": {
    "best": 19.335865454627395,
    "index": 6,
    "integer": false,
    "label": "material interface",
    "mean": 19.015780500017957,
    "median": 19.066607296587044,
    "p68": [
      18.342823235946614,
      19.79658710202907
    ],
    "p68_range": [
      18.342823235946614,
      19.79658710202907
    ],
    "p95": [
      16.81976258781402,
      20.430861345144
    ],
    "p95_range": [
      16.81976258781402,
      20.430861345144
    ],
    "std": 0.8352921150600067
  },
  "material rho": {
    "best": 2.8251172135226303,
    "index": 7,
    "integer": false,
    "label": "material rho",
    "mean": 2.867604583677664,
    "median": 2.837324667672078,
    "p68": [
      2.774267934212095,
      2.92013348820457
    ],
    "p68_range": [
      2.774267934212095,
      2.92013348820457
    ],
    "p95": [
      2.7085561486485235,
      3.4548588935416844
    ],
    "p95_range": [
      2.7085561486485235,
      3.4548588935416844
    ],
    "std": 0.14949361963126712
  },
  "material thickness": {
    "best": 82.44523922926072,
    "index": 8,
    "integer": false,
    "label": "material thickness",
    "mean": 82.91856633049329,
    "median": 82.72872419978175,
    "p68": [
      79.02248168480179,
      87.09021038870881
    ],
    "p68_range": [
      79.02248168480179,
      87.09021038870881
    ],
    "p95": [
      75.0146213512707,
      91.25332943356605
    ],
    "p95_range": [
      75.0146213512707,
      91.25332943356605
    ],
    "std": 4.07874470445306
  },
  "siox interface": {
    "best": 1.05663038647012,
    "index": 14,
    "integer": false,
    "label": "siox interface",
    "mean": 2.122772617129825,
    "median": 1.8724993425368974,
    "p68": [
      1.2501019608945034,
      3.0451675123640554
    ],
    "p68_range": [
      1.2501019608945034,
      3.0451675123640554
    ],
    "p95": [
      1.0408088138670097,
      4.595642207839978
    ],
    "p95_range": [
      1.0408088138670097,
      4.595642207839978
    ],
    "std": 0.9945098522796593
  },
  "siox rho": {
    "best": 2.532457966267016,
    "index": 15,
    "integer": false,
    "label": "siox rho",
    "mean": 2.522399680631775,
    "median": 2.523294497479416,
    "p68": [
      2.4862615988944836,
      2.5570880099552706
    ],
    "p68_range": [
      2.4862615988944836,
      2.5570880099552706
    ],
    "p95": [
      2.4547654602268256,
      2.5870369023477275
    ],
    "p95_range": [
      2.4547654602268256,
      2.5870369023477275
    ],
    "std": 0.03541211454648296
  },
  "siox thickness": {
    "best": 29.961680160518686,
    "index": 16,
    "integer": false,
    "label": "siox thickness",
    "mean": 29.562646710737727,
    "median": 29.599185338992186,
    "p68": [
      28.518258258752095,
      30.603852133191673
    ],
    "p68_range": [
      28.518258258752095,
      30.603852133191673
    ],