{
  "Cu interface": {
    "best": 6.722751844947409,
    "index": 10,
    "integer": false,
    "label": "Cu interface",
    "mean": 9.022297205369005,
    "median": 10.104560881153697,
    "p68": [
      6.622628256574522,
      10.24646843778771
    ],
    "p68_range": [
      6.622628256574522,
      10.24646843778771
    ],
    "p95": [
      5.382237634879018,
      11.954003426825304
    ],
    "p95_range": [
      5.382237634879018,
      11.954003426825304
    ],
    "std": 1.8944046651197628
  },
  "Cu thickness": {
    "best": 534.5145601315534,
    "index": 11,
    "integer": false,
    "label": "Cu thickness",
    "mean": 552.99483060946,
    "median": 556.4952300294262,
    "p68": [
      537.3621556589322,
      565.5990319641415
    ],
    "p68_range": [
      537.3621556589322,
      565.5990319641415
    ],
    "p95": [
      526.9722564582655,
      567.5758025995391
    ],
    "p95_range": [
      526.9722564582655,
      567.5758025995391
    ],
    "std": 13.433419405460274
  },
  "SEI interface": {
    "best": 33.26934124587314,
    "index": 3,
    "integer": false,
    "label": "SEI interface",
    "mean": 16.09551479017603,
    "median": 13.130123508168191,
    "p68": [
      12.903404430310559,
      22.701948012971044
    ],
    "p68_range": [
      12.903404430310559,
      22.701948012971044
    ],
    "p95": [
      5.311667621161785,
      33.18954158185603
    ],
    "p95_range": [
      5.311667621161785,
      33.18954158185603
    ],
    "std": 6.55183577935321
  },
  "SEI rho": {
    "best": 3.255945492142258,
    "index": 4,
    "integer": false,
    "label": "SEI rho",
    "mean": 4.219770972089846,
    "median": 4.200007063312462,
    "p68": [
      3.902084578134624,
      4.605637545280042
    ],
    "p68_range": [
      3.902084578134624,
      4.605637545280042
    ],
    "p95": [
      2.803420027448686,
      5.652539077590157
    ],
    "p95_range": [
      2.803420027448686,
      5.652539077590157
    ],
    "std": 0.5946773057587149
  },
  "SEI thickness": {
    "best": 184.41357137911896,
    "index": 5,
    "integer": false,
    "label": "SEI thickness",
    "mean": 172.72601109853176,
    "median": 171.00021159929378,
    "p68": [
      158.64954261707803,
      180.3969913259763
    ],
    "p68_range": [
      158.64954261707803,
      180.3969913259763
    ],
    "p95": [
      118.04891292522566,
      257.663540234029
    ],
    "p95_range": [
      118.04891292522566,
      257.663540234029
    ],
    "std": 28.78306091093281
  },
  "THF interface": {
    "best": 115.86933538979204,
    "index": 2,
    "integer": false,
    "label": "THF interface",
    "mean": 64.29915597892793,
    "median": 54.237855608059505,
    "p68": [
      53.19133843227895,
      78.42557302230632
    ],
    "p68_range": [
      53.19133843227895,
      78.42557302230632
    ],
    "p95": [
      31.81368663596451,
      147.6682393228971
    ],
    "p95_range": [
      31.81368663596451,
      147.6682393228971
    ],
    "std": 26.009212588808555
  },
  "Ti interface": {
    "best": 8.904352025993381,
    "index": 12,
    "integer": false,
    "label": "Ti interface",
    "mean": 8.930276836726225,
    "median": 8.9825116647131,
    "p68": [
      8.848466290446101,
      8.999908297255494
    ],
    "p68_range": [
      8.848466290446101,
      8.999908297255494
    ],
    "p95": [
      8.614381872938782,
      8.999995304011033
    ],
    "p95_range": [
      8.614381872938782,
      8.999995304011033
    ],
    "std": 0.11220538233740628
  },
  "Ti rho": {
    "best": -3.354976222191838,
    "index": 13,
    "integer": false,
    "label": "Ti rho",
    "mean": -1.8306823211120462,
    "median": -1.3196354442616105,
    "p68": [
      -2.813382013641535,
      -1.1999908761698408
    ],
    "p68_range": [
      -2.813382013641535,
      -1.1999908761698408
    ],
    "p95": [
      -3.772529724790785,
      -1.1394003201262293
    ],
    "p95_range": [
      -3.772529724790785,
      -1.1394003201262293
    ],
    "std": 0.8125900641020221
  },
  "Ti thickness": {
    "best": 51.7044180014479,
    "index": 14,
    "integer": false,
    "label": "Ti thickness",
    "mean": 51.873764070802366,
    "median": 51.121458754214544,
    "p68": [
      50.95083911394739,
      53.55112742668512
    ],
    "p68_range": [
      50.95083911394739,
      53.55112742668512
    ],
    "p95": [
      49.060618972503995,
      55.82580327049863
    ],
    "p95_range": [
      49.060618972503995,
      55.82580327049863
    ],
    "std": 1.7185873776829352
  },
  "intensity": {
    "best": 0.9507825559366888,
    "index": 1,
    "integer": false,
    "label": "intensity",
    "mean": 1.00375346176151,
    "median": 1.000104961382883,
    "p68": [
      0.9623530191032698,
      1.0618872543935445
    ],
    "p68_range": [
      0.9623530191032698,
      1.0618872543935445
    ],
    "p95": [
      0.8450237166558418,
      1.1278929818828376
    ],
    "p95_range": [
      0.8450237166558418,
      1.1278929818828376
    ],
    "std": 0.06380599564481554
  },
  "material interface": {
    "best": 20.49708814187587,
    "index": 6,
    "integer": false,
    "label": "material interface",
    "mean": 12.678703776191565,
    "median": 9.78115273724516,
    "p68": [
      9.572601223525924,
      18.373338994101363
    ],
    "p68_range": [
      9.572601223525924,
      18.373338994101363
    ],
    "p95": [
      6.566944754914216,
      27.661928597644586
    ],
    "p95_range": [
      6.566944754914216,
      27.661928597644586
    ],
    "std": 5.4137197531178805
  },
  "material irho": {
    "best": 0.10252418672626426,
    "index": 7,
    "integer": false,
    "label": "material irho",
    "mean": 0.09330122106552123,
    "median": 0.09999961629129217,
    "p68": [
      0.05403423724109038,
      0.11892435165715329
    ],
    "p68_range": [
      0.05403423724109038,
      0.11892435165715329
    ],
    "p95": [
      0.006472685031001075,
      0.18136587919905794
    ],
    "p95_range": [
      0.006472685031001075,
      0.18136587919905794
    ],
    "std": 0.03869468510317717
  },
  "material rho": {
    "best": 2.448691128142742,
    "index": 8,
    "integer": false,
    "label": "material rho",
    "mean": 1.2955785337988686,
    "median": 0.9007803715264037,
    "p68": [
      0.8069810022304705,
      2.188779575622637
    ],
    "p68_range": [
      0.8069810022304705,
      2.188779575622637
    ],
    "p95": [
      -0.08495173147073314,
      4.057792668287521
    ],
    "p95_range": [
      -0.08495173147073314,
      4.057792668287521
    ],
    "std": 0.9462317243365375
  },
  "material thickness": {
    "best": 112.24077297838643,
    "index": 9,
    "integer": false,
    "label": "material thickness",
    "mean": 36.625603302669454,
    "median": 36.93918685269959,
    "p68": [
      21.97912841082215,
      39.7301187779608
    ],
    "p68_range": [
      21.97912841082215,
      39.7301187779608
    ],
    "p95": [
      11.794137372461527,
      91.05654883404937
    ],
    "p95_range": [
      11.794137372461527,
      91.05654883404937
    ],
    "std": 17.56884724056006
  },
  "siox interface": {
    "best": 18.23983282781093,
    "index": 15,
    "integer": false,
    "label": "siox interface",
    "mean": 3.7751347172002165,
    "median": 2.9199961040384435,
    "p68": [
      2.273812803927794,
      4.8150000943915465
    ],
    "p68_range": [
      2.273812803927794,
      4.8150000943915465
    ],
    "p95": [
      1.2049029104302973,
      13.852957869122802
    ],
    "p95_range": [
      1.2049029104302973,
      13.852957869122802
    ],
    "std": 2.8460583942263735
  },
  "siox rho": {
    "best": 2.5394201123077798,
    "index": 16,
    "integer": false,
    "label": "siox rho",
    "mean": 2.8443901206485083,
    "median": 2.8000097113665916,
    "p68": [
      2.6398844585930057,
      3.089255207490317
    ],
    "p68_range": [
      2.6398844585930057,
      3.089255207490317
    ],