{
  "Cu interface": {
    "best": 6.319560289922446,
    "index": 10,
    "integer": false,
    "label": "Cu interface",
    "mean": 6.333566983836599,
    "median": 6.3346262324511615,
    "p68": [
      6.273113994044094,
      6.39203668497977
    ],
    "p68_range": [
      6.273113994044094,
      6.39203668497977
    ],
    "p95": [
      6.214323008570838,
      6.451130095633795
    ],
    "p95_range": [
      6.214323008570838,
      6.451130095633795
    ],
    "std": 0.06030244346578163
  },
  "Cu thickness": {
    "best": 532.4876656722843,
    "index": 11,
    "integer": false,
    "label": "Cu thickness",
    "mean": 533.4131466926345,
    "median": 533.4274611154464,
    "p68": [
      532.6351402100187,
      534.192205104711
    ],
    "p68_range": [
      532.6351402100187,
      534.192205104711
    ],
    "p95": [
      531.8269541239416,
      534.9816937565661
    ],
    "p95_range": [
      531.8269541239416,
      534.9816937565661
    ],
    "std": 0.7861517336521846
  },
  "SEI interface": {
    "best": 13.61127058693351,
    "index": 3,
    "integer": false,
    "label": "SEI interface",
    "mean": 23.207964570439962,
    "median": 25.236015487232347,
    "p68": [
      13.75258882100704,
      30.429346707965603
    ],
    "p68_range": [
      13.75258882100704,
      30.429346707965603
    ],
    "p95": [
      8.538150194807667,
      34.01400441115863
    ],
    "p95_range": [
      8.538150194807667,
      34.01400441115863
    ],
    "std": 7.431297500177643
  },
  "SEI rho": {
    "best": 3.2332643235022447,
    "index": 4,
    "integer": false,
    "label": "SEI rho",
    "mean": 3.9427943237497334,
    "median": 4.201064610668076,
    "p68": [
      3.209452590098725,
      4.471807830743573
    ],
    "p68_range": [
      3.209452590098725,
      4.471807830743573
    ],
    "p95": [
      3.0724642813366074,
      4.598974772355644
    ],
    "p95_range": [
      3.0724642813366074,
      4.598974772355644
    ],
    "std": 0.5498625529112182
  },
  "SEI thickness": {
    "best": 257.9585667373976,
    "index": 5,
    "integer": false,
    "label": "SEI thickness",
    "mean": 262.32901616110126,
    "median": 262.0470113080662,
    "p68": [
      254.49473618414066,
      270.2768702346
    ],
    "p68_range": [
      254.49473618414066,
      270.2768702346
    ],
    "p95": [
      246.35513779211868,
      279.0685929156884
    ],
    "p95_range": [
      246.35513779211868,
      279.0685929156884
    ],
    "std": 8.266565310099178
  },
  "THF interface": {
    "best": 77.29025558737827,
    "index": 2,
    "integer": false,
    "label": "THF interface",
    "mean": 74.36479567925956,
    "median": 74.79325374076538,
    "p68": [
      69.9028952615804,
      78.50439461015542
    ],
    "p68_range": [
      69.9028952615804,
      78.50439461015542
    ],
    "p95": [
      65.20257774371072,
      82.2950395386492
    ],
    "p95_range": [
      65.20257774371072,
      82.2950395386492
    ],
    "std": 4.397663420265612
  },
  "Ti interface": {
    "best": 8.984566306790777,
    "index": 12,
    "integer": false,
    "label": "Ti interface",
    "mean": 8.928306882803279,
    "median": 8.951452533228482,
    "p68": [
      8.870620160556149,
      8.986392593979705
    ],
    "p68_range": [
      8.870620160556149,
      8.986392593979705
    ],
    "p95": [
      8.75404886534266,
      8.99792453028764
    ],
    "p95_range": [
      8.75404886534266,
      8.99792453028764
    ],
    "std": 0.07363305351201763
  },
  "Ti rho": {
    "best": -3.171946947320957,
    "index": 13,
    "integer": false,
    "label": "Ti rho",
    "mean": -3.175295120097401,
    "median": -3.1754063139939244,
    "p68": [
      -3.2318212529236923,
      -3.1170148559318784
    ],
    "p68_range": [
      -3.2318212529236923,
      -3.1170148559318784
    ],
    "p95": [
      -3.281865207847577,
      -3.0709161774411164
    ],
    "p95_range": [
      -3.281865207847577,
      -3.0709161774411164
    ],
    "std": 0.054904740619653086
  },
  "Ti thickness": {
    "best": 51.53375963218598,
    "index": 14,
    "integer": false,
    "label": "Ti thickness",
    "mean": 51.65299485980107,
    "median": 51.649909190095904,
    "p68": [
      51.51231148943986,
      51.80105905327046
    ],
    "p68_range": [
      51.51231148943986,
      51.80105905327046
    ],
    "p95": [
      51.369466857377944,
      51.95915479436422
    ],
    "p95_range": [
      51.369466857377944,
      51.95915479436422
    ],
    "std": 0.15010818649608584
  },
  "intensity": {
    "best": 0.9820060749859116,
    "index": 1,
    "integer": false,
    "label": "intensity",
    "mean": 0.9817745353416154,
    "median": 0.9816910295733996,
    "p68": [
      0.9710567641209855,
      0.9924541591436625
    ],
    "p68_range": [
      0.9710567641209855,
      0.9924541591436625
    ],
    "p95": [
      0.9629199792862092,
      1.0017567912869014
    ],
    "p95_range": [
      0.9629199792862092,
      1.0017567912869014
    ],
    "std": 0.01020724649184742
  },
  "material interface": {
    "best": 18.72480945796845,
    "index": 6,
    "integer": false,
    "label": "material interface",
    "mean": 17.641252450027785,
    "median": 17.27742933947828,
    "p68": [
      16.369071128085608,
      19.210626570916546
    ],
    "p68_range": [
      16.369071128085608,
      19.210626570916546
    ],
    "p95": [
      15.65568687646652,
      20.201654327822293
    ],
    "p95_range": [
      15.65568687646652,
      20.201654327822293
    ],
    "std": 1.3111696942755289
  },
  "material irho": {
    "best": 0.08589789177841334,
    "index": 7,
    "integer": false,
    "label": "material irho",
    "mean": 0.041729709587807445,
    "median": 0.029969932587979,
    "p68": [
      0.006735999619702444,
      0.08258072289937196
    ],
    "p68_range": [
      0.006735999619702444,
      0.08258072289937196
    ],
    "p95": [
      0.0010935050404448276,
      0.13613118544737515
    ],
    "p95_range": [
      0.0010935050404448276,
      0.13613118544737515
    ],
    "std": 0.037882298675285066
  },
  "material rho": {
    "best": 2.859727459491262,
    "index": 8,
    "integer": false,
    "label": "material rho",
    "mean": 3.17117244481269,
    "median": 3.27786768194982,
    "p68": [
      2.8220213785649544,
      3.439414134430848
    ],
    "p68_range": [
      2.8220213785649544,
      3.439414134430848
    ],
    "p95": [
      2.6896336519254573,
      3.5335529119377354
    ],
    "p95_range": [
      2.6896336519254573,
      3.5335529119377354
    ],
    "std": 0.2756710523270187
  },
  "material thickness": {
    "best": 86.5278665204107,
    "index": 9,
    "integer": false,
    "label": "material thickness",
    "mean": 89.49168951244845,
    "median": 90.3371293120369,
    "p68": [
      83.63734799438083,
      94.94165410253181
    ],
    "p68_range": [
      83.63734799438083,
      94.94165410253181
    ],
    "p95": [
      78.07849884132683,
      98.24961573780448
    ],
    "p95_range": [
      78.07849884132683,
      98.24961573780448
    ],
    "std": 5.8817008741603845
  },
  "siox interface": {
    "best": 1.3489910599858304,
    "index": 15,
    "integer": false,
    "label": "siox interface",
    "mean": 2.1706407753614285,
    "median": 1.8990594552500415,
    "p68": [
      1.2452725958959387,
      3.1367785190820974
    ],
    "p68_range": [
      1.2452725958959387,
      3.1367785190820974
    ],
    "p95": [
      1.0371031709433036,
      4.506191016241725
    ],
    "p95_range": [
      1.0371031709433036,
      4.506191016241725
    ],
    "std": 1.0862716145470686
  },
  "siox rho": {
    "best": 2.527275939237624,
    "index": 16,
    "integer": false,
    "label": "siox rho",
    "mean": 2.5214016021858296,
    "median": 2.520990179178318,
    "p68": [
      2.4831654980790936,
      2.5551891289673505
    ],
    "p68_range": [
      2.4831654980790936,
      2.5551891289673505
    ],