{
  "Cu interface": {
    "best": 6.475949328927849,
    "index": 9,
    "integer": false,
    "label": "Cu interface",
    "mean": 6.451992456857021,
    "median": 6.452797943708988,
    "p68": [
      6.387611186655495,
      6.519008686746659
    ],
    "p68_range": [
      6.387611186655495,
      6.519008686746659
    ],
    "p95": [
      6.318432701596286,
      6.575882720424728
    ],
    "p95_range": [
      6.318432701596286,
      6.575882720424728
    ],
    "std": 0.06497324167570202
  },
  "Cu thickness": {
    "best": 533.6779439244566,
    "index": 10,
    "integer": false,
    "label": "Cu thickness",
    "mean": 533.9220993329998,
    "median": 533.9085688572533,
    "p68": [
      533.2961923438927,
      534.540820990098
    ],
    "p68_range": [
      533.2961923438927,
      534.540820990098
    ],
    "p95": [
      532.6101817577472,
      535.2314194753595
    ],
    "p95_range": [
      532.6101817577472,
      535.2314194753595
    ],
    "std": 0.6468056090030735
  },
  "SEI interface": {
    "best": 22.67284769768533,
    "index": 3,
    "integer": false,
    "label": "SEI interface",
    "mean": 27.487426325040605,
    "median": 27.01773895033104,
    "p68": [
      22.662643940598276,
      32.341989346895524
    ],
    "p68_range": [
      22.662643940598276,
      32.341989346895524
    ],
    "p95": [
      18.312784616850013,
      38.98442641881519
    ],
    "p95_range": [
      18.312784616850013,
      38.98442641881519
    ],
    "std": 5.13841991595684
  },
  "SEI rho": {
    "best": 4.04353095523366,
    "index": 4,
    "integer": false,
    "label": "SEI rho",
    "mean": 4.193869184640506,
    "median": 4.2001879634516825,
    "p68": [
      3.9940804004327752,
      4.3954343444578186
    ],
    "p68_range": [
      3.9940804004327752,
      4.3954343444578186
    ],
    "p95": [
      3.7746781221926904,
      4.580916685650967
    ],
    "p95_range": [
      3.7746781221926904,
      4.580916685650967
    ],
    "std": 0.21847094322384372
  },
  "SEI thickness": {
    "best": 255.4572448757787,
    "index": 5,
    "integer": false,
    "label": "SEI thickness",
    "mean": 262.94778269938604,
    "median": 262.9361505664476,
    "p68": [
      255.5777893348115,
      270.23811457259177
    ],
    "p68_range": [
      255.5777893348115,
      270.23811457259177
    ],
    "p95": [
      248.92019507141202,
      277.9827179175365
    ],
    "p95_range": [
      248.92019507141202,
      277.9827179175365
    ],
    "std": 8.005175930022004
  },
  "THF interface": {
    "best": 75.75270025425756,
    "index": 2,
    "integer": false,
    "label": "THF interface",
    "mean": 74.60289616270722,
    "median": 74.51335547205908,
    "p68": [
      70.49081340236125,
      78.61851846729655
    ],
    "p68_range": [
      70.49081340236125,
      78.61851846729655
    ],
    "p95": [
      66.52913163564361,
      83.10046338497517
    ],
    "p95_range": [
      66.52913163564361,
      83.10046338497517
    ],
    "std": 4.300553205305657
  },
  "Ti interface": {
    "best": 9.937278479186165,
    "index": 11,
    "integer": false,
    "label": "Ti interface",
    "mean": 9.822896835202707,
    "median": 9.867053943944915,
    "p68": [
      9.662972280768976,
      9.97021678698359
    ],
    "p68_range": [
      9.662972280768976,
      9.97021678698359
    ],
    "p95": [
      9.443501109544737,
      9.99492129386728
    ],
    "p95_range": [
      9.443501109544737,
      9.99492129386728
    ],
    "std": 0.15529260750602805
  },
  "Ti rho": {
    "best": -3.2956758777578394,
    "index": 12,
    "integer": false,
    "label": "Ti rho",
    "mean": -3.2493917486161137,
    "median": -3.2488252498640118,
    "p68": [
      -3.3087916043420904,
      -3.192399264518306
    ],
    "p68_range": [
      -3.3087916043420904,
      -3.192399264518306
    ],
    "p95": [
      -3.3615177486567496,
      -3.1341093782161615
    ],
    "p95_range": [
      -3.3615177486567496,
      -3.1341093782161615
    ],
    "std": 0.05843857720724077
  },
  "Ti thickness": {
    "best": 52.00996196127264,
    "index": 13,
    "integer": false,
    "label": "Ti thickness",
    "mean": 52.005173739813024,
    "median": 52.0011679209327,
    "p68": [
      51.805941362246315,
      52.20001428224974
    ],
    "p68_range": [
      51.805941362246315,
      52.20001428224974
    ],
    "p95": [
      51.61834976646547,
      52.42441238042847
    ],
    "p95_range": [
      51.61834976646547,
      52.42441238042847
    ],
    "std": 0.206124766193936
  },
  "intensity": {
    "best": 0.9702445104344686,
    "index": 1,
    "integer": false,
    "label": "intensity",
    "mean": 0.9752178817623187,
    "median": 0.97515938519989,
    "p68": [
      0.9644112555053755,
      0.9855469046958718
    ],
    "p68_range": [
      0.9644112555053755,
      0.9855469046958718
    ],
    "p95": [
      0.9558362322365855,
      0.9952384092102389
    ],
    "p95_range": [
      0.9558362322365855,
      0.9952384092102389
    ],
    "std": 0.010302325871073449
  },
  "material interface": {
    "best": 17.2682367012898,
    "index": 6,
    "integer": false,
    "label": "material interface",
    "mean": 17.12732514005087,
    "median": 17.097249972577526,
    "p68": [
      16.43467306197488,
      17.806749844103745
    ],
    "p68_range": [
      16.43467306197488,
      17.806749844103745
    ],
    "p95": [
      15.831346305462905,
      18.542729971094047
    ],
    "p95_range": [
      15.831346305462905,
      18.542729971094047
    ],
    "std": 0.6967467362346443
  },
  "material rho": {
    "best": 3.247258564981823,
    "index": 7,
    "integer": false,
    "label": "material rho",
    "mean": 3.2775052992494813,
    "median": 3.2828150598496384,
    "p68": [
      3.1569957658755827,
      3.398098399724655
    ],
    "p68_range": [
      3.1569957658755827,
      3.398098399724655
    ],
    "p95": [
      3.0231383279278794,
      3.5061591301323505
    ],
    "p95_range": [
      3.0231383279278794,
      3.5061591301323505
    ],
    "std": 0.12278465944233448
  },
  "material thickness": {
    "best": 95.8385353369615,
    "index": 8,
    "integer": false,
    "label": "material thickness",
    "mean": 92.01124472171003,
    "median": 92.34324848029763,
    "p68": [
      87.97890411630874,
      95.85532953093859
    ],
    "p68_range": [
      87.97890411630874,
      95.85532953093859
    ],
    "p95": [
      82.80365166424814,
      99.39595328855985
    ],
    "p95_range": [
      82.80365166424814,
      99.39595328855985
    ],
    "std": 4.71233616274485
  },
  "siox interface": {
    "best": 1.2534511913881647,
    "index": 14,
    "integer": false,
    "label": "siox interface",
    "mean": 2.4753465661166327,
    "median": 2.1782201862535904,
    "p68": [
      1.3151300852797958,
      3.6891754260631697
    ],
    "p68_range": [
      1.3151300852797958,
      3.6891754260631697
    ],
    "p95": [
      1.0444599304582571,
      5.511678157576186
    ],
    "p95_range": [
      1.0444599304582571,
      5.511678157576186
    ],
    "std": 1.2356419534318992
  },
  "siox rho": {
    "best": 2.6859499237177786,
    "index": 15,
    "integer": false,
    "label": "siox rho",
    "mean": 2.698567980819628,
    "median": 2.6984045784444777,
    "p68": [
      2.641755770311858,
      2.748155653721993
    ],
    "p68_range": [
      2.641755770311858,
      2.748155653721993
    ],
    "p95": [
      2.589163488303609,
      2.815679427759494
    ],
    "p95_range": [
      2.589163488303609,
      2.815679427759494
    ],
    "std": 0.058834251880209916
  },
  "siox thickness": {
    "best": 26.739345384200426,
    "index": 16,
    "integer": false,
    "label": "siox thickness",
    "mean": 26.630574575900454,
    "median": 26.650160096242296,
    "p68": [
      25.481802898925935,
      27.868108654674337
    ],
    "p68_range": [
      25.481802898925935,
      27.868108654674337
    ],