{
  "Cu interface": {
    "best": 6.314423315852642,
    "index": 10,
    "integer": false,
    "label": "Cu interface",
    "mean": 6.33756608753068,
    "median": 6.337169857292205,
    "p68": [
      6.276102484415325,
      6.399983134789879
    ],
    "p68_range": [
      6.276102484415325,
      6.399983134789879
    ],
    "p95": [
      6.219058226346349,
      6.457998461167249
    ],
    "p95_range": [
      6.219058226346349,
      6.457998461167249
    ],
    "std": 0.06206539359203525
  },
  "Cu thickness": {
    "best": 533.5919479630636,
    "index": 11,
    "integer": false,
    "label": "Cu thickness",
    "mean": 533.393573889095,
    "median": 533.3937134271436,
    "p68": [
      532.6242198835353,
      534.0971607043341
    ],
    "p68_range": [
      532.6242198835353,
      534.0971607043341
    ],
    "p95": [
      531.9691197934808,
      534.884768949149
    ],
    "p95_range": [
      531.9691197934808,
      534.884768949149
    ],
    "std": 0.7663077764900708
  },
  "SEI interface": {
    "best": 23.271891287792627,
    "index": 3,
    "integer": false,
    "label": "SEI interface",
    "mean": 22.950165650776476,
    "median": 24.437311903353194,
    "p68": [
      13.639863286818874,
      30.681339419138606
    ],
    "p68_range": [
      13.639863286818874,
      30.681339419138606
    ],
    "p95": [
      8.408741650045359,
      34.475220959684414
    ],
    "p95_range": [
      8.408741650045359,
      34.475220959684414
    ],
    "std": 7.5247395840174685
  },
  "SEI rho": {
    "best": 4.12329311149695,
    "index": 4,
    "integer": false,
    "label": "SEI rho",
    "mean": 3.883661092782276,
    "median": 4.146199657201377,
    "p68": [
      3.202443050936772,
      4.454362343770989
    ],
    "p68_range": [
      3.202443050936772,
      4.454362343770989
    ],
    "p95": [
      3.0494821178148306,
      4.570079345896367
    ],
    "p95_range": [
      3.0494821178148306,
      4.570079345896367
    ],
    "std": 0.6152528048079281
  },
  "SEI thickness": {
    "best": 263.6191213716752,
    "index": 5,
    "integer": false,
    "label": "SEI thickness",
    "mean": 260.59606406263117,
    "median": 262.3538311183621,
    "p68": [
      254.46822885677716,
      269.85563638514935
    ],
    "p68_range": [
      254.46822885677716,
      269.85563638514935
    ],
    "p95": [
      246.19334033333394,
      278.71459884258564
    ],
    "p95_range": [
      246.19334033333394,
      278.71459884258564
    ],
    "std": 20.78898758887197
  },
  "THF interface": {
    "best": 74.56186009591791,
    "index": 2,
    "integer": false,
    "label": "THF interface",
    "mean": 75.2814746905208,
    "median": 74.79584532941064,
    "p68": [
      70.44580057556982,
      79.12261926966819
    ],
    "p68_range": [
      70.44580057556982,
      79.12261926966819
    ],
    "p95": [
      66.10882965767722,
      84.30975045118878
    ],
    "p95_range": [
      66.10882965767722,
      84.30975045118878
    ],
    "std": 6.72883864315449
  },
  "Ti interface": {
    "best": 8.97938542593615,
    "index": 12,
    "integer": false,
    "label": "Ti interface",
    "mean": 8.92143168017255,
    "median": 8.943707173701057,
    "p68": [
      8.847375765578395,
      8.985586927293408
    ],
    "p68_range": [
      8.847375765578395,
      8.985586927293408
    ],
    "p95": [
      8.725346378936313,
      8.99810465036543
    ],
    "p95_range": [
      8.725346378936313,
      8.99810465036543
    ],
    "std": 0.07399192286592755
  },
  "Ti rho": {
    "best": -3.1887032573088345,
    "index": 13,
    "integer": false,
    "label": "Ti rho",
    "mean": -3.165492374313051,
    "median": -3.1674766904068816,
    "p68": [
      -3.2287482259807896,
      -3.1039159461635033
    ],
    "p68_range": [
      -3.2287482259807896,
      -3.1039159461635033
    ],
    "p95": [
      -3.284894521805013,
      -3.0250073955500496
    ],
    "p95_range": [
      -3.284894521805013,
      -3.0250073955500496
    ],
    "std": 0.06511745327603269
  },
  "Ti thickness": {
    "best": 51.61059026396381,
    "index": 14,
    "integer": false,
    "label": "Ti thickness",
    "mean": 51.65482411348748,
    "median": 51.64513096882312,
    "p68": [
      51.50672289913439,
      51.786016354752185
    ],
    "p68_range": [
      51.50672289913439,
      51.786016354752185
    ],
    "p95": [
      51.396007182665564,
      52.009257855603614
    ],
    "p95_range": [
      51.396007182665564,
      52.009257855603614
    ],
    "std": 0.16513292968995086
  },
  "intensity": {
    "best": 0.9777575496427757,
    "index": 1,
    "integer": false,
    "label": "intensity",
    "mean": 0.9839498269099567,
    "median": 0.9827026007036221,
    "p68": [
      0.9719270094132548,
      0.9957359706400835
    ],
    "p68_range": [
      0.9719270094132548,
      0.9957359706400835
    ],
    "p95": [
      0.9624622647907091,
      1.0119471346042954
    ],
    "p95_range": [
      0.9624622647907091,
      1.0119471346042954
    ],
    "std": 0.012629286478050313
  },
  "material interface": {
    "best": 16.735590916400504,
    "index": 6,
    "integer": false,
    "label": "material interface",
    "mean": 17.67913914904504,
    "median": 17.36622459598419,
    "p68": [
      16.324710431637964,
      19.360362855544206
    ],
    "p68_range": [
      16.324710431637964,
      19.360362855544206
    ],
    "p95": [
      15.788719799052089,
      20.32321186415541
    ],
    "p95_range": [
      15.788719799052089,
      20.32321186415541
    ],
    "std": 1.3183150857405452
  },
  "material irho": {
    "best": 0.001560212635403839,
    "index": 7,
    "integer": false,
    "label": "material irho",
    "mean": 0.04459316234728096,
    "median": 0.031558667820685546,
    "p68": [
      0.006832965745568694,
      0.08978915609873431
    ],
    "p68_range": [
      0.006832965745568694,
      0.08978915609873431
    ],
    "p95": [
      0.00087138568124406,
      0.1418786325048108
    ],
    "p95_range": [
      0.00087138568124406,
      0.1418786325048108
    ],
    "std": 0.04041019039056164
  },
  "material rho": {
    "best": 3.339824778728604,
    "index": 8,
    "integer": false,
    "label": "material rho",
    "mean": 3.1602266610166363,
    "median": 3.2812258312815152,
    "p68": [
      2.822210144034318,
      3.423793137600186
    ],
    "p68_range": [
      2.822210144034318,
      3.423793137600186
    ],
    "p95": [
      2.724595839383669,
      3.5359712245902912
    ],
    "p95_range": [
      2.724595839383669,
      3.5359712245902912
    ],
    "std": 0.2869678693568578
  },
  "material thickness": {
    "best": 95.52069402003708,
    "index": 9,
    "integer": false,
    "label": "material thickness",
    "mean": 90.64948353665295,
    "median": 90.51478564539276,
    "p68": [
      82.34629418777095,
      95.74136407722732
    ],
    "p68_range": [
      82.34629418777095,
      95.74136407722732
    ],
    "p95": [
      74.58985907908718,
      101.02552704625623
    ],
    "p95_range": [
      74.58985907908718,
      101.02552704625623
    ],
    "std": 16.948844889811966
  },
  "siox interface": {
    "best": 1.349223458818905,
    "index": 15,
    "integer": false,
    "label": "siox interface",
    "mean": 2.2959567341049634,
    "median": 2.000735271910017,
    "p68": [
      1.2864308789501655,
      3.0513268424887348
    ],
    "p68_range": [
      1.2864308789501655,
      3.0513268424887348
    ],
    "p95": [
      1.0480825499654816,
      5.0595944815329075
    ],
    "p95_range": [
      1.0480825499654816,
      5.0595944815329075
    ],
    "std": 1.416467116168995
  },
  "siox rho": {
    "best": 2.528054497449177,
    "index": 16,
    "integer": false,
    "label": "siox rho",
    "mean": 2.5239772202482254,
    "median": 2.521504753981506,
    "p68": [
      2.4819517420284223,
      2.5571220176883083
    ],