{
  "Cu interface": {
    "best": 14.890617226797385,
    "index": 9,
    "integer": false,
    "label": "Cu interface",
    "mean": 14.838149967238815,
    "median": 14.829170472129494,
    "p68": [
      14.560848907632863,
      15.122899639895286
    ],
    "p68_range": [
      14.560848907632863,
      15.122899639895286
    ],
    "p95": [
      14.277452841495304,
      15.398019325918918
    ],
    "p95_range": [
      14.277452841495304,
      15.398019325918918
    ],
    "std": 0.2876255096386391
  },
  "Cu thickness": {
    "best": 560.7295149874664,
    "index": 10,
    "integer": false,
    "label": "Cu thickness",
    "mean": 560.9233849288963,
    "median": 560.9113110270127,
    "p68": [
      560.5650122704678,
      561.2309249911156
    ],
    "p68_range": [
      560.5650122704678,
      561.2309249911156
    ],
    "p95": [
      560.2632930016767,
      561.7497565019303
    ],
    "p95_range": [
      560.2632930016767,
      561.7497565019303
    ],
    "std": 0.3813739913859703
  },
  "SEI interface": {
    "best": 15.705579615606304,
    "index": 3,
    "integer": false,
    "label": "SEI interface",
    "mean": 16.098968485161304,
    "median": 16.009461910654714,
    "p68": [
      14.756161769865168,
      17.390895374009023
    ],
    "p68_range": [
      14.756161769865168,
      17.390895374009023
    ],
    "p95": [
      13.807835193479399,
      19.14951088956804
    ],
    "p95_range": [
      13.807835193479399,
      19.14951088956804
    ],
    "std": 1.3793500598122879
  },
  "SEI rho": {
    "best": 4.512603669179337,
    "index": 4,
    "integer": false,
    "label": "SEI rho",
    "mean": 4.4860318828465875,
    "median": 4.491799189502324,
    "p68": [
      4.395719723265277,
      4.570871321442765
    ],
    "p68_range": [
      4.395719723265277,
      4.570871321442765
    ],
    "p95": [
      4.285355504769633,
      4.652441271405699
    ],
    "p95_range": [
      4.285355504769633,
      4.652441271405699
    ],
    "std": 0.09060088149363821
  },
  "SEI thickness": {
    "best": 164.2521457595534,
    "index": 5,
    "integer": false,
    "label": "SEI thickness",
    "mean": 164.90358938328333,
    "median": 164.9086911584674,
    "p68": [
      161.72747920367286,
      168.15853825539946
    ],
    "p68_range": [
      161.72747920367286,
      168.15853825539946
    ],
    "p95": [
      158.89374766124413,
      171.23769229506402
    ],
    "p95_range": [
      158.89374766124413,
      171.23769229506402
    ],
    "std": 3.180389676071921
  },
  "THF interface": {
    "best": 58.49266054314409,
    "index": 2,
    "integer": false,
    "label": "THF interface",
    "mean": 58.40090421905114,
    "median": 58.36589851635101,
    "p68": [
      54.913139710351146,
      61.96565905330462
    ],
    "p68_range": [
      54.913139710351146,
      61.96565905330462
    ],
    "p95": [
      51.82934525542638,
      65.35753470566078
    ],
    "p95_range": [
      51.82934525542638,
      65.35753470566078
    ],
    "std": 3.42362945232116
  },
  "Ti interface": {
    "best": 3.8780554938481453,
    "index": 11,
    "integer": false,
    "label": "Ti interface",
    "mean": 3.992763052311289,
    "median": 3.588754972474114,
    "p68": [
      2.426652672024149,
      5.115971329557717
    ],
    "p68_range": [
      2.426652672024149,
      5.115971329557717
    ],
    "p95": [
      1.2562559003335896,
      9.467195147060112
    ],
    "p95_range": [
      1.2562559003335896,
      9.467195147060112
    ],
    "std": 1.9598275936982998
  },
  "Ti rho": {
    "best": -1.953404268973437,
    "index": 12,
    "integer": false,
    "label": "Ti rho",
    "mean": -1.9562420923169601,
    "median": -1.952789297339264,
    "p68": [
      -2.0367443656706854,
      -1.8785389251773195
    ],
    "p68_range": [
      -2.0367443656706854,
      -1.8785389251773195
    ],
    "p95": [
      -2.126310315107573,
      -1.7978500167878169
    ],
    "p95_range": [
      -2.126310315107573,
      -1.7978500167878169
    ],
    "std": 0.08137919822068138
  },
  "Ti thickness": {
    "best": 47.1342173290644,
    "index": 13,
    "integer": false,
    "label": "Ti thickness",
    "mean": 47.63715404327933,
    "median": 47.24641026469549,
    "p68": [
      46.57709294631117,
      48.28408597069438
    ],
    "p68_range": [
      46.57709294631117,
      48.28408597069438
    ],
    "p95": [
      45.64235107482363,
      52.181221781395536
    ],
    "p95_range": [
      45.64235107482363,
      52.181221781395536
    ],
    "std": 1.5854067114249388
  },
  "intensity": {
    "best": 1.042946654659244,
    "index": 1,
    "integer": false,
    "label": "intensity",
    "mean": 1.0400192591175526,
    "median": 1.0400138697567607,
    "p68": [
      1.0294722913421814,
      1.050865130561756
    ],
    "p68_range": [
      1.0294722913421814,
      1.050865130561756
    ],
    "p95": [
      1.019034371956828,
      1.059723905656001
    ],
    "p95_range": [
      1.019034371956828,
      1.059723905656001
    ],
    "std": 0.010453765703201402
  },
  "material interface": {
    "best": 12.18236679218796,
    "index": 6,
    "integer": false,
    "label": "material interface",
    "mean": 12.400745837534974,
    "median": 12.393632554724041,
    "p68": [
      11.910645624092105,
      12.835645230346023
    ],
    "p68_range": [
      11.910645624092105,
      12.835645230346023
    ],
    "p95": [
      11.488155002620543,
      13.56949850554839
    ],
    "p95_range": [
      11.488155002620543,
      13.56949850554839
    ],
    "std": 0.49960106250650754
  },
  "material rho": {
    "best": 2.243625214581766,
    "index": 7,
    "integer": false,
    "label": "material rho",
    "mean": 2.1912090152498016,
    "median": 2.205350563906753,
    "p68": [
      2.0942507262135317,
      2.302712316105263
    ],
    "p68_range": [
      2.0942507262135317,
      2.302712316105263
    ],
    "p95": [
      1.8402600701246163,
      2.3947503553093212
    ],
    "p95_range": [
      1.8402600701246163,
      2.3947503553093212
    ],
    "std": 0.12973771960911445
  },
  "material thickness": {
    "best": 49.86125638885966,
    "index": 8,
    "integer": false,
    "label": "material thickness",
    "mean": 49.23730349523216,
    "median": 49.57993342163745,
    "p68": [
      48.75544738753883,
      49.9046970684539
    ],
    "p68_range": [
      48.75544738753883,
      49.9046970684539
    ],
    "p95": [
      46.100022135748084,
      49.985563435114436
    ],
    "p95_range": [
      46.100022135748084,
      49.985563435114436
    ],
    "std": 1.090819129693593
  },
  "siox interface": {
    "best": 8.539479671077892,
    "index": 14,
    "integer": false,
    "label": "siox interface",
    "mean": 5.406676510248064,
    "median": 5.046720302178761,
    "p68": [
      2.132871396938865,
      9.022147653745527
    ],
    "p68_range": [
      2.132871396938865,
      9.022147653745527
    ],
    "p95": [
      1.150195520527512,
      10.630303831506618
    ],
    "p95_range": [
      1.150195520527512,
      10.630303831506618
    ],
    "std": 2.924993682808932
  },
  "siox rho": {
    "best": 2.0077370192855826,
    "index": 15,
    "integer": false,
    "label": "siox rho",
    "mean": 2.204171069670447,
    "median": 1.9907696054285509,
    "p68": [
      1.854497172742428,
      2.4110332100982133
    ],
    "p68_range": [
      1.854497172742428,
      2.4110332100982133
    ],
    "p95": [
      1.5027031182671602,
      4.1329146579358955
    ],
    "p95_range": [
      1.5027031182671602,
      4.1329146579358955
    ],
    "std": 0.6492833975443434
  },
  "siox thickness": {
    "best": 35.85635335844787,
    "index": 16,
    "integer": false,
    "label": "siox thickness",
    "mean": 24.115861820739802,
    "median": 20.59231874772785,
    "p68": [
      11.712832744656778,
      39.792923817314175
    ],