{
  "Cu interface": {
    "best": 17.06108402487799,
    "index": 9,
    "integer": false,
    "label": "Cu interface",
    "mean": 16.31622984062109,
    "median": 16.32684840719152,
    "p68": [
      15.479377384305382,
      17.064215571848717
    ],
    "p68_range": [
      15.479377384305382,
      17.064215571848717
    ],
    "p95": [
      14.923506696433403,
      17.66708269214878
    ],
    "p95_range": [
      14.923506696433403,
      17.66708269214878
    ],
    "std": 0.741649973360903
  },
  "Cu thickness": {
    "best": 561.5286724775983,
    "index": 10,
    "integer": false,
    "label": "Cu thickness",
    "mean": 560.6180973049414,
    "median": 560.6135868938552,
    "p68": [
      559.8402456912925,
      561.3770853032471
    ],
    "p68_range": [
      559.8402456912925,
      561.3770853032471
    ],
    "p95": [
      559.3242222863623,
      561.9320207562345
    ],
    "p95_range": [
      559.3242222863623,
      561.9320207562345
    ],
    "std": 0.7088163602854367
  },
  "SEI interface": {
    "best": 3.264222221862346,
    "index": 3,
    "integer": false,
    "label": "SEI interface",
    "mean": 5.893278405667141,
    "median": 5.113414236161216,
    "p68": [
      3.344956790496427,
      9.250215481390745
    ],
    "p68_range": [
      3.344956790496427,
      9.250215481390745
    ],
    "p95": [
      1.8414110559117767,
      13.65161281586573
    ],
    "p95_range": [
      1.8414110559117767,
      13.65161281586573
    ],
    "std": 2.999522558778568
  },
  "SEI rho": {
    "best": 4.4008964032107425,
    "index": 4,
    "integer": false,
    "label": "SEI rho",
    "mean": 4.4614970186899265,
    "median": 4.465559060143841,
    "p68": [
      4.365792715059629,
      4.556739307729285
    ],
    "p68_range": [
      4.365792715059629,
      4.556739307729285
    ],
    "p95": [
      4.2712775022950025,
      4.641307283082295
    ],
    "p95_range": [
      4.2712775022950025,
      4.641307283082295
    ],
    "std": 0.09307839417888092
  },
  "SEI thickness": {
    "best": 158.8650846546401,
    "index": 5,
    "integer": false,
    "label": "SEI thickness",
    "mean": 159.13335606510134,
    "median": 159.07066994505962,
    "p68": [
      155.70492611438488,
      162.6498647817393
    ],
    "p68_range": [
      155.70492611438488,
      162.6498647817393
    ],
    "p95": [
      152.44835371721013,
      166.02578609836684
    ],
    "p95_range": [
      152.44835371721013,
      166.02578609836684
    ],
    "std": 3.47303168216816
  },
  "THF interface": {
    "best": 66.24095215589055,
    "index": 2,
    "integer": false,
    "label": "THF interface",
    "mean": 63.513476189967896,
    "median": 63.420649511841646,
    "p68": [
      59.588305844498535,
      67.44929680730901
    ],
    "p68_range": [
      59.588305844498535,
      67.44929680730901
    ],
    "p95": [
      56.19577874495197,
      71.48558134354853
    ],
    "p95_range": [
      56.19577874495197,
      71.48558134354853
    ],
    "std": 3.9449657158986797
  },
  "Ti interface": {
    "best": 9.877857390527785,
    "index": 11,
    "integer": false,
    "label": "Ti interface",
    "mean": 8.013225841746928,
    "median": 8.635537632781903,
    "p68": [
      6.188094745715472,
      9.649757013216329
    ],
    "p68_range": [
      6.188094745715472,
      9.649757013216329
    ],
    "p95": [
      3.0711375486100696,
      9.937047078256585
    ],
    "p95_range": [
      3.0711375486100696,
      9.937047078256585
    ],
    "std": 1.9330781002589832
  },
  "Ti rho": {
    "best": -2.904596087092124,
    "index": 12,
    "integer": false,
    "label": "Ti rho",
    "mean": -2.5539470741735966,
    "median": -2.5848300439124623,
    "p68": [
      -2.8874311087869082,
      -2.141347132328779
    ],
    "p68_range": [
      -2.8874311087869082,
      -2.141347132328779
    ],
    "p95": [
      -3.1154647531774273,
      -1.966456929861448
    ],
    "p95_range": [
      -3.1154647531774273,
      -1.966456929861448
    ],
    "std": 0.3268553024778361
  },
  "Ti thickness": {
    "best": 41.9193438702948,
    "index": 13,
    "integer": false,
    "label": "Ti thickness",
    "mean": 43.959448300934866,
    "median": 43.93121415195322,
    "p68": [
      41.898423388123305,
      46.47633052388446
    ],
    "p68_range": [
      41.898423388123305,
      46.47633052388446
    ],
    "p95": [
      35.60908821905395,
      50.8831665666768
    ],
    "p95_range": [
      35.60908821905395,
      50.8831665666768
    ],
    "std": 2.957866696480875
  },
  "intensity": {
    "best": 1.0415102175863193,
    "index": 1,
    "integer": false,
    "label": "intensity",
    "mean": 1.0413036796323853,
    "median": 1.0405682647495895,
    "p68": [
      1.0314481638872872,
      1.0519199021980121
    ],
    "p68_range": [
      1.0314481638872872,
      1.0519199021980121
    ],
    "p95": [
      1.0204923588535197,
      1.062581224707004
    ],
    "p95_range": [
      1.0204923588535197,
      1.062581224707004
    ],
    "std": 0.010304216765084109
  },
  "material interface": {
    "best": 7.324875453616162,
    "index": 6,
    "integer": false,
    "label": "material interface",
    "mean": 8.349787923755182,
    "median": 8.007033065631981,
    "p68": [
      7.458491225630268,
      9.47478203586582
    ],
    "p68_range": [
      7.458491225630268,
      9.47478203586582
    ],
    "p95": [
      6.952506953986343,
      11.388001929816914
    ],
    "p95_range": [
      6.952506953986343,
      11.388001929816914
    ],
    "std": 1.1280389634013166
  },
  "material rho": {
    "best": 2.7663850489279724,
    "index": 7,
    "integer": false,
    "label": "material rho",
    "mean": 2.715251895376446,
    "median": 2.7403114803624504,
    "p68": [
      2.6118500038363783,
      2.8164669519962073
    ],
    "p68_range": [
      2.6118500038363783,
      2.8164669519962073
    ],
    "p95": [
      2.393774909745756,
      2.876872964550777
    ],
    "p95_range": [
      2.393774909745756,
      2.876872964550777
    ],
    "std": 0.11883111176502302
  },
  "material thickness": {
    "best": 55.91484407721184,
    "index": 8,
    "integer": false,
    "label": "material thickness",
    "mean": 55.52402474220307,
    "median": 55.718274517292926,
    "p68": [
      54.95320190680942,
      56.21608826894917
    ],
    "p68_range": [
      54.95320190680942,
      56.21608826894917
    ],
    "p95": [
      52.8761460803259,
      56.6633695905614
    ],
    "p95_range": [
      52.8761460803259,
      56.6633695905614
    ],
    "std": 0.9548893454040678
  },
  "siox interface": {
    "best": 6.069844515501145,
    "index": 14,
    "integer": false,
    "label": "siox interface",
    "mean": 8.620836491198444,
    "median": 7.3284763595599784,
    "p68": [
      3.278243451320746,
      14.944176422224071
    ],
    "p68_range": [
      3.278243451320746,
      14.944176422224071
    ],
    "p95": [
      1.4251133080328333,
      19.787991691153348
    ],
    "p95_range": [
      1.4251133080328333,
      19.787991691153348
    ],
    "std": 5.259466960690142
  },
  "siox rho": {
    "best": 2.140373524581215,
    "index": 15,
    "integer": false,
    "label": "siox rho",
    "mean": 2.166687390000722,
    "median": 2.1214393082832936,
    "p68": [
      1.3004301408497927,
      3.237423306028687
    ],
    "p68_range": [
      1.3004301408497927,
      3.237423306028687
    ],
    "p95": [
      -0.33797060320403544,
      4.040466634307304
    ],
    "p95_range": [
      -0.33797060320403544,
      4.040466634307304
    ],
    "std": 1.0484876655393311
  },
  "siox thickness": {
    "best": 39.436303449003326,
    "index": 16,
    "integer": false,
    "label": "siox thickness",
    "mean": 13.69785145599336,
    "median": 9.691110439189668,
    "p68": [
      3.3952528116793284,
      25.95345523054705
    ],
    "p68_range": [
      3.3952528116793284,
      25.95345523054705
    ],