{
  "Cu interface": {
    "best": 9.05331896003475,
    "index": 6,
    "integer": false,
    "label": "Cu interface",
    "mean": 9.112894361571978,
    "median": 9.10291527797937,
    "p68": [
      8.912278377818707,
      9.32201184016709
    ],
    "p68_range": [
      8.912278377818707,
      9.32201184016709
    ],
    "p95": [
      8.699511981700725,
      9.570132256186062
    ],
    "p95_range": [
      8.699511981700725,
      9.570132256186062
    ],
    "std": 0.21569374274560726
  },
  "Cu thickness": {
    "best": 549.7472814044015,
    "index": 7,
    "integer": false,
    "label": "Cu thickness",
    "mean": 550.1803208122217,
    "median": 550.1788459522758,
    "p68": [
      549.6163365582593,
      550.7324191312152
    ],
    "p68_range": [
      549.6163365582593,
      550.7324191312152
    ],
    "p95": [
      549.0852504347105,
      551.2513942141559
    ],
    "p95_range": [
      549.0852504347105,
      551.2513942141559
    ],
    "std": 0.5492408114783611
  },
  "SEI interface": {
    "best": 15.163402247259276,
    "index": 3,
    "integer": false,
    "label": "SEI interface",
    "mean": 15.193884296697028,
    "median": 15.220546309703487,
    "p68": [
      14.507572768787323,
      15.877230238105431
    ],
    "p68_range": [
      14.507572768787323,
      15.877230238105431
    ],
    "p95": [
      13.704947857244315,
      16.499319930666136
    ],
    "p95_range": [
      13.704947857244315,
      16.499319930666136
    ],
    "std": 0.7006565139251378
  },
  "SEI rho": {
    "best": 2.742598548327815,
    "index": 4,
    "integer": false,
    "label": "SEI rho",
    "mean": 2.6797690300052808,
    "median": 2.6699579470792725,
    "p68": [
      2.5094276473466075,
      2.851797037494244
    ],
    "p68_range": [
      2.5094276473466075,
      2.851797037494244
    ],
    "p95": [
      2.345326715708591,
      3.059508685160747
    ],
    "p95_range": [
      2.345326715708591,
      3.059508685160747
    ],
    "std": 0.17504339971662666
  },
  "SEI thickness": {
    "best": 40.804115809919445,
    "index": 5,
    "integer": false,
    "label": "SEI thickness",
    "mean": 44.784891197183136,
    "median": 44.31546846289318,
    "p68": [
      35.53201502998379,
      53.536147174732825
    ],
    "p68_range": [
      35.53201502998379,
      53.536147174732825
    ],
    "p95": [
      28.736221713850316,
      63.41400733549297
    ],
    "p95_range": [
      28.736221713850316,
      63.41400733549297
    ],
    "std": 9.032547020053185
  },
  "THF interface": {
    "best": 50.65393048031209,
    "index": 2,
    "integer": false,
    "label": "THF interface",
    "mean": 53.02304886314178,
    "median": 52.28432161369798,
    "p68": [
      47.30405713509004,
      58.79512288413951
    ],
    "p68_range": [
      47.30405713509004,
      58.79512288413951
    ],
    "p95": [
      42.81170878312265,
      66.90408859351322
    ],
    "p95_range": [
      42.81170878312265,
      66.90408859351322
    ],
    "std": 6.233548497049175
  },
  "Ti interface": {
    "best": 7.588657634603103,
    "index": 8,
    "integer": false,
    "label": "Ti interface",
    "mean": 8.69853306046512,
    "median": 8.577421710834315,
    "p68": [
      7.52806518750742,
      9.877912396715258
    ],
    "p68_range": [
      7.52806518750742,
      9.877912396715258
    ],
    "p95": [
      6.626406992308598,
      11.355845100196726
    ],
    "p95_range": [
      6.626406992308598,
      11.355845100196726
    ],
    "std": 1.1901003144893765
  },
  "Ti rho": {
    "best": -1.4497873644390944,
    "index": 9,
    "integer": false,
    "label": "Ti rho",
    "mean": -1.4826083615506855,
    "median": -1.4810178203625703,
    "p68": [
      -1.5380691327591,
      -1.4249951436765433
    ],
    "p68_range": [
      -1.5380691327591,
      -1.4249951436765433
    ],
    "p95": [
      -1.5998832850875133,
      -1.3774722808661155
    ],
    "p95_range": [
      -1.5998832850875133,
      -1.3774722808661155
    ],
    "std": 0.05654315112779107
  },
  "Ti thickness": {
    "best": 52.69751640978339,
    "index": 10,
    "integer": false,
    "label": "Ti thickness",
    "mean": 53.775101772385625,
    "median": 53.58778458024067,
    "p68": [
      52.66811063030251,
      54.93296387726621
    ],
    "p68_range": [
      52.66811063030251,
      54.93296387726621
    ],
    "p95": [
      52.19784085129812,
      56.260338291117726
    ],
    "p95_range": [
      52.19784085129812,
      56.260338291117726
    ],
    "std": 1.0885295868932432
  },
  "intensity": {
    "best": 1.0248461231957942,
    "index": 1,
    "integer": false,
    "label": "intensity",
    "mean": 1.0229795321668458,
    "median": 1.0227418674643414,
    "p68": [
      1.0129299877594264,
      1.032598465803554
    ],
    "p68_range": [
      1.0129299877594264,
      1.032598465803554
    ],
    "p95": [
      1.002954969280989,
      1.044456413891566
    ],
    "p95_range": [
      1.002954969280989,
      1.044456413891566
    ],
    "std": 0.010183540650433143
  },
  "siox interface": {
    "best": 10.617861769125701,
    "index": 11,
    "integer": false,
    "label": "siox interface",
    "mean": 8.172932219681867,
    "median": 8.82053810960415,
    "p68": [
      5.652869992214244,
      10.40236662012594
    ],
    "p68_range": [
      5.652869992214244,
      10.40236662012594
    ],
    "p95": [
      2.3054755355472096,
      10.888215143001489
    ],
    "p95_range": [
      2.3054755355472096,
      10.888215143001489
    ],
    "std": 2.3152286594770084
  },
  "siox rho": {
    "best": 2.584997462744348,
    "index": 12,
    "integer": false,
    "label": "siox rho",
    "mean": 3.0991715904939334,
    "median": 2.9564408476360753,
    "p68": [
      2.553824753748968,
      3.8527463176913366
    ],
    "p68_range": [
      2.553824753748968,
      3.8527463176913366
    ],
    "p95": [
      2.387600231105153,
      4.163161989690679
    ],
    "p95_range": [
      2.387600231105153,
      4.163161989690679
    ],
    "std": 0.5432845030869671
  },
  "siox thickness": {
    "best": 19.503573455110246,
    "index": 13,
    "integer": false,
    "label": "siox thickness",
    "mean": 16.09768907780901,
    "median": 16.432603847113402,
    "p68": [
      10.642838364820022,
      21.701663171516024
    ],
    "p68_range": [
      10.642838364820022,
      21.701663171516024
    ],
    "p95": [
      6.206650815574388,
      24.471548655622232
    ],
    "p95_range": [
      6.206650815574388,
      24.471548655622232
    ],
    "std": 5.032620939289092
  }
}