{
  "Cu interface": {
    "best": 10.934370481999032,
    "index": 9,
    "integer": false,
    "label": "Cu interface",
    "mean": 11.148951114327653,
    "median": 11.161638028584292,
    "p68": [
      10.927776975942592,
      11.363332472019602
    ],
    "p68_range": [
      10.927776975942592,
      11.363332472019602
    ],
    "p95": [
      10.714777989769662,
      11.549306764482768
    ],
    "p95_range": [
      10.714777989769662,
      11.549306764482768
    ],
    "std": 0.21785011257146827
  },
  "Cu thickness": {
    "best": 560.6791838213454,
    "index": 10,
    "integer": false,
    "label": "Cu thickness",
    "mean": 560.4322339592926,
    "median": 560.6654856487257,
    "p68": [
      559.7470300872466,
      562.6239094937814
    ],
    "p68_range": [
      559.7470300872466,
      562.6239094937814
    ],
    "p95": [
      548.6452576622246,
      567.8383270319092
    ],
    "p95_range": [
      548.6452576622246,
      567.8383270319092
    ],
    "std": 4.538257495227903
  },
  "SEI interface": {
    "best": 2.2454336773871866,
    "index": 3,
    "integer": false,
    "label": "SEI interface",
    "mean": 12.440498494329178,
    "median": 11.224214663125844,
    "p68": [
      5.721041489255547,
      20.98189494806744
    ],
    "p68_range": [
      5.721041489255547,
      20.98189494806744
    ],
    "p95": [
      1.8691651243999836,
      24.277556574785542
    ],
    "p95_range": [
      1.8691651243999836,
      24.277556574785542
    ],
    "std": 6.603384177184606
  },
  "SEI rho": {
    "best": 3.792188449560006,
    "index": 4,
    "integer": false,
    "label": "SEI rho",
    "mean": 3.7800797473020378,
    "median": 3.7849799757817366,
    "p68": [
      3.6995103638066538,
      3.859458308419934
    ],
    "p68_range": [
      3.6995103638066538,
      3.859458308419934
    ],
    "p95": [
      3.6031060896094025,
      3.94314386202894
    ],
    "p95_range": [
      3.6031060896094025,
      3.94314386202894
    ],
    "std": 0.0862983769712492
  },
  "SEI thickness": {
    "best": 181.73767378015043,
    "index": 5,
    "integer": false,
    "label": "SEI thickness",
    "mean": 198.1733403859267,
    "median": 205.3163984840941,
    "p68": [
      172.506803381464,
      215.99629604205336
    ],
    "p68_range": [
      172.506803381464,
      215.99629604205336
    ],
    "p95": [
      149.94210054456022,
      224.90187326712893
    ],
    "p95_range": [
      149.94210054456022,
      224.90187326712893
    ],
    "std": 20.917244680289397
  },
  "THF interface": {
    "best": 57.45477084804822,
    "index": 2,
    "integer": false,
    "label": "THF interface",
    "mean": 57.2360696673632,
    "median": 57.18667981289784,
    "p68": [
      55.718851533212614,
      58.73585874063415
    ],
    "p68_range": [
      55.718851533212614,
      58.73585874063415
    ],
    "p95": [
      54.064922539940355,
      60.6859120291755
    ],
    "p95_range": [
      54.064922539940355,
      60.6859120291755
    ],
    "std": 1.6247591706515288
  },
  "Ti interface": {
    "best": 5.4741579305217165,
    "index": 11,
    "integer": false,
    "label": "Ti interface",
    "mean": 6.367725976723939,
    "median": 6.361746463778451,
    "p68": [
      5.332287393939434,
      7.339560542897294
    ],
    "p68_range": [
      5.332287393939434,
      7.339560542897294
    ],
    "p95": [
      4.677935582630827,
      8.353093558348418
    ],
    "p95_range": [
      4.677935582630827,
      8.353093558348418
    ],
    "std": 0.9706523778164732
  },
  "Ti rho": {
    "best": -0.48323211343364164,
    "index": 12,
    "integer": false,
    "label": "Ti rho",
    "mean": -0.4990088890829305,
    "median": -0.4990692888074331,
    "p68": [
      -0.5443468938605086,
      -0.457529044369014
    ],
    "p68_range": [
      -0.5443468938605086,
      -0.457529044369014
    ],
    "p95": [
      -0.5801289987173922,
      -0.41032832728851315
    ],
    "p95_range": [
      -0.5801289987173922,
      -0.41032832728851315
    ],
    "std": 0.04363230098588602
  },
  "Ti thickness": {
    "best": 56.669125569462516,
    "index": 13,
    "integer": false,
    "label": "Ti thickness",
    "mean": 57.17822798043378,
    "median": 57.00317529644873,
    "p68": [
      56.611015629045596,
      57.73960530977737
    ],
    "p68_range": [
      56.611015629045596,
      57.73960530977737
    ],
    "p95": [
      56.29781737007311,
      59.24873708003532
    ],
    "p95_range": [
      56.29781737007311,
      59.24873708003532
    ],
    "std": 0.7002871618676524
  },
  "intensity": {
    "best": 1.0315026806424903,
    "index": 1,
    "integer": false,
    "label": "intensity",
    "mean": 1.0346918502143918,
    "median": 1.0347906990003335,
    "p68": [
      1.024486576592136,
      1.0436542261790547
    ],
    "p68_range": [
      1.024486576592136,
      1.0436542261790547
    ],
    "p95": [
      1.0149839153559925,
      1.054432191177245
    ],
    "p95_range": [
      1.0149839153559925,
      1.054432191177245
    ],
    "std": 0.009797036036953167
  },
  "material interface": {
    "best": 11.259241026782357,
    "index": 6,
    "integer": false,
    "label": "material interface",
    "mean": 11.66622077766958,
    "median": 11.393115096953602,
    "p68": [
      10.574044313270695,
      12.930901921618053
    ],
    "p68_range": [
      10.574044313270695,
      12.930901921618053
    ],
    "p95": [
      7.722972670826196,
      16.177031956472607
    ],
    "p95_range": [
      7.722972670826196,
      16.177031956472607
    ],
    "std": 1.975690348084538
  },
  "material rho": {
    "best": 3.7787778115746358,
    "index": 7,
    "integer": false,
    "label": "material rho",
    "mean": 3.73200766582619,
    "median": 3.737647340934764,
    "p68": [
      3.2492688210712486,
      3.9442301269865303
    ],
    "p68_range": [
      3.2492688210712486,
      3.9442301269865303
    ],
    "p95": [
      2.0989668949498053,
      5.980867221419721
    ],
    "p95_range": [
      2.0989668949498053,
      5.980867221419721
    ],
    "std": 0.7796196972957863
  },
  "material thickness": {
    "best": 45.753915940606106,
    "index": 8,
    "integer": false,
    "label": "material thickness",
    "mean": 29.346053669260264,
    "median": 19.7273118203556,
    "p68": [
      12.224502573207783,
      53.998219273938375
    ],
    "p68_range": [
      12.224502573207783,
      53.998219273938375
    ],
    "p95": [
      10.312556587404996,
      76.98366741866215
    ],
    "p95_range": [
      10.312556587404996,
      76.98366741866215
    ],
    "std": 20.389545803879336
  },
  "siox interface": {
    "best": 13.868797540613112,
    "index": 14,
    "integer": false,
    "label": "siox interface",
    "mean": 14.618639771833852,
    "median": 14.956243726516512,
    "p68": [
      11.330112983127622,
      17.839310974899714
    ],
    "p68_range": [
      11.330112983127622,
      17.839310974899714
    ],
    "p95": [
      7.929328895297841,
      19.811668760303547
    ],
    "p95_range": [
      7.929328895297841,
      19.811668760303547
    ],
    "std": 3.0773051742546103
  },
  "siox rho": {
    "best": 2.610285538075684,
    "index": 15,
    "integer": false,
    "label": "siox rho",
    "mean": 2.983720270538878,
    "median": 2.91118429587918,
    "p68": [
      2.5839435562391833,
      3.4059404501046218
    ],
    "p68_range": [
      2.5839435562391833,
      3.4059404501046218
    ],
    "p95": [
      2.4840571049011726,
      3.805199926982767
    ],
    "p95_range": [
      2.4840571049011726,
      3.805199926982767
    ],
    "std": 0.37538786574335187
  },
  "siox thickness": {
    "best": 25.853896980439426,
    "index": 16,
    "integer": false,
    "label": "siox thickness",
    "mean": 18.773422635742357,
    "median": 18.026748412738566,
    "p68": [
      11.894137802315118,
      26.262299620819853
    ],