{
  "Cu interface": {
    "best": 17.48817920592855,
    "index": 9,
    "integer": false,
    "label": "Cu interface",
    "mean": 16.133488670810785,
    "median": 16.003447040029595,
    "p68": [
      15.27125932632226,
      17.02793688703083
    ],
    "p68_range": [
      15.27125932632226,
      17.02793688703083
    ],
    "p95": [
      14.9713099713208,
      17.75762492021616
    ],
    "p95_range": [
      14.9713099713208,
      17.75762492021616
    ],
    "std": 0.8030066332789921
  },
  "Cu thickness": {
    "best": 561.1506963409415,
    "index": 10,
    "integer": false,
    "label": "Cu thickness",
    "mean": 559.8563873690322,
    "median": 559.744022950342,
    "p68": [
      559.1150475348784,
      560.763041942004
    ],
    "p68_range": [
      559.1150475348784,
      560.763041942004
    ],
    "p95": [
      558.7355621591832,
      561.5043292019155
    ],
    "p95_range": [
      558.7355621591832,
      561.5043292019155
    ],
    "std": 0.7645936171903135
  },
  "SEI interface": {
    "best": 3.593015692639297,
    "index": 3,
    "integer": false,
    "label": "SEI interface",
    "mean": 7.433973416005068,
    "median": 7.112873271089646,
    "p68": [
      3.435445786658125,
      11.341993210854296
    ],
    "p68_range": [
      3.435445786658125,
      11.341993210854296
    ],
    "p95": [
      1.6756889402182904,
      14.758654643185126
    ],
    "p95_range": [
      1.6756889402182904,
      14.758654643185126
    ],
    "std": 3.636501017433164
  },
  "SEI rho": {
    "best": 4.413481381354441,
    "index": 4,
    "integer": false,
    "label": "SEI rho",
    "mean": 4.453328336210434,
    "median": 4.44308264602954,
    "p68": [
      4.389177047405287,
      4.508633392551936
    ],
    "p68_range": [
      4.389177047405287,
      4.508633392551936
    ],
    "p95": [
      4.243261602101195,
      4.718076367536347
    ],
    "p95_range": [
      4.243261602101195,
      4.718076367536347
    ],
    "std": 0.09915552961184233
  },
  "SEI thickness": {
    "best": 162.12379970081793,
    "index": 5,
    "integer": false,
    "label": "SEI thickness",
    "mean": 163.73399775260765,
    "median": 163.85137992661254,
    "p68": [
      160.2999475658588,
      167.3305911081668
    ],
    "p68_range": [
      160.2999475658588,
      167.3305911081668
    ],
    "p95": [
      154.9838492149073,
      171.08458050579776
    ],
    "p95_range": [
      154.9838492149073,
      171.08458050579776
    ],
    "std": 3.9305683527904
  },
  "THF interface": {
    "best": 64.72088592177904,
    "index": 2,
    "integer": false,
    "label": "THF interface",
    "mean": 62.56247900787811,
    "median": 62.31845664981703,
    "p68": [
      58.36354047435574,
      66.61854897889442
    ],
    "p68_range": [
      58.36354047435574,
      66.61854897889442
    ],
    "p95": [
      55.10305876054143,
      71.16513491423224
    ],
    "p95_range": [
      55.10305876054143,
      71.16513491423224
    ],
    "std": 4.236011634333552
  },
  "Ti interface": {
    "best": 9.97964687171391,
    "index": 11,
    "integer": false,
    "label": "Ti interface",
    "mean": 6.859673819908202,
    "median": 6.578820457389951,
    "p68": [
      4.461575148022701,
      9.759671802691697
    ],
    "p68_range": [
      4.461575148022701,
      9.759671802691697
    ],
    "p95": [
      3.3031121170174584,
      10.781359201913533
    ],
    "p95_range": [
      3.3031121170174584,
      10.781359201913533
    ],
    "std": 2.298332453664863
  },
  "Ti rho": {
    "best": -2.9015138128562716,
    "index": 12,
    "integer": false,
    "label": "Ti rho",
    "mean": -2.3953204732260227,
    "median": -2.3016792032703113,
    "p68": [
      -2.815517845747138,
      -2.056177397481626
    ],
    "p68_range": [
      -2.815517845747138,
      -2.056177397481626
    ],
    "p95": [
      -3.0877394897464727,
      -2.0068113940017893
    ],
    "p95_range": [
      -3.0877394897464727,
      -2.0068113940017893
    ],
    "std": 0.33218798550873074
  },
  "Ti thickness": {
    "best": 41.9535281324712,
    "index": 13,
    "integer": false,
    "label": "Ti thickness",
    "mean": 44.77569246516985,
    "median": 45.20165735699292,
    "p68": [
      42.60494270079637,
      46.60932217417829
    ],
    "p68_range": [
      42.60494270079637,
      46.60932217417829
    ],
    "p95": [
      41.260074181809145,
      47.20235648123562
    ],
    "p95_range": [
      41.260074181809145,
      47.20235648123562
    ],
    "std": 1.80549791049577
  },
  "intensity": {
    "best": 1.043306631972327,
    "index": 1,
    "integer": false,
    "label": "intensity",
    "mean": 1.0451297651553182,
    "median": 1.0452541782079299,
    "p68": [
      1.0338645559591808,
      1.0553301026604065
    ],
    "p68_range": [
      1.0338645559591808,
      1.0553301026604065
    ],
    "p95": [
      1.0244200215279076,
      1.0680085205835277
    ],
    "p95_range": [
      1.0244200215279076,
      1.0680085205835277
    ],
    "std": 0.010808393184240594
  },
  "material interface": {
    "best": 7.755769788072262,
    "index": 6,
    "integer": false,
    "label": "material interface",
    "mean": 9.15126012269548,
    "median": 8.982290138403933,
    "p68": [
      7.7288347212925945,
      10.629586649560974
    ],
    "p68_range": [
      7.7288347212925945,
      10.629586649560974
    ],
    "p95": [
      6.987845802729958,
      11.78088874615651
    ],
    "p95_range": [
      6.987845802729958,
      11.78088874615651
    ],
    "std": 1.3811419340269342
  },
  "material rho": {
    "best": 2.759016724550392,
    "index": 7,
    "integer": false,
    "label": "material rho",
    "mean": 2.6529790185679203,
    "median": 2.679491194099222,
    "p68": [
      2.50176415968737,
      2.780292618267835
    ],
    "p68_range": [
      2.50176415968737,
      2.780292618267835
    ],
    "p95": [
      2.313932373878848,
      2.932474452113292
    ],
    "p95_range": [
      2.313932373878848,
      2.932474452113292
    ],
    "std": 0.15531743490924607
  },
  "material thickness": {
    "best": 54.91253570936112,
    "index": 8,
    "integer": false,
    "label": "material thickness",
    "mean": 54.49661707689349,
    "median": 54.82164902384266,
    "p68": [
      53.380196271064214,
      55.58899901769475
    ],
    "p68_range": [
      53.380196271064214,
      55.58899901769475
    ],
    "p95": [
      51.061930245245414,
      56.12976500147342
    ],
    "p95_range": [
      51.061930245245414,
      56.12976500147342
    ],
    "std": 1.340726172661894
  },
  "siox interface": {
    "best": 49.22321248457334,
    "index": 14,
    "integer": false,
    "label": "siox interface",
    "mean": 24.70947940764998,
    "median": 24.26687776753828,
    "p68": [
      6.3635539596350945,
      42.782080222369586
    ],
    "p68_range": [
      6.3635539596350945,
      42.782080222369586
    ],
    "p95": [
      2.2348683164833765,
      49.89812728095874
    ],
    "p95_range": [
      2.2348683164833765,
      49.89812728095874
    ],
    "std": 15.296175313126275
  },
  "siox rho": {
    "best": 2.394263705814605,
    "index": 15,
    "integer": false,
    "label": "siox rho",
    "mean": 2.0575371432108196,
    "median": 2.0893535811920363,
    "p68": [
      1.8470875335275334,
      2.344340390900612
    ],
    "p68_range": [
      1.8470875335275334,
      2.344340390900612
    ],
    "p95": [
      1.3083527759066178,
      2.4646887090403147
    ],
    "p95_range": [
      1.3083527759066178,
      2.4646887090403147
    ],
    "std": 0.31565623327984405
  },
  "siox thickness": {
    "best": 29.115700754951252,
    "index": 16,
    "integer": false,
    "label": "siox thickness",
    "mean": 15.359530786882294,
    "median": 14.2863312652346,
    "p68": [
      4.872045711464843,
      27.04474866538771
    ],
    "p68_range": [
      4.872045711464843,
      27.04474866538771
    ],