{
  "Cu interface": {
    "best": 10.96384425270851,
    "index": 21,
    "integer": false,
    "label": "Cu interface",
    "mean": 10.940341049420104,
    "median": 10.935894688498616,
    "p68": [
      10.774670593025457,
      11.099525703824193
    ],
    "p68_range": [
      10.774670593025457,
      11.099525703824193
    ],
    "p95": [
      10.600746943324948,
      11.310264866227584
    ],
    "p95_range": [
      10.600746943324948,
      11.310264866227584
    ],
    "std": 0.17358096485803007
  },
  "Cu rho": {
    "best": 6.495051396999989,
    "index": 7,
    "integer": false,
    "label": "Cu rho",
    "mean": 6.5071620661555425,
    "median": 6.507102127869011,
    "p68": [
      6.491281688819371,
      6.523761586431806
    ],
    "p68_range": [
      6.491281688819371,
      6.523761586431806
    ],
    "p95": [
      6.47607321677802,
      6.538000284722682
    ],
    "p95_range": [
      6.47607321677802,
      6.538000284722682
    ],
    "std": 0.015898004684358816
  },
  "Cu thickness": {
    "best": 561.024102872037,
    "index": 22,
    "integer": false,
    "label": "Cu thickness",
    "mean": 560.9856579969961,
    "median": 561.007436982968,
    "p68": [
      560.4544924126691,
      561.4698599047407
    ],
    "p68_range": [
      560.4544924126691,
      561.4698599047407
    ],
    "p95": [
      559.8208490376276,
      562.0002686952324
    ],
    "p95_range": [
      559.8208490376276,
      562.0002686952324
    ],
    "std": 0.5381168419587016
  },
  "SEI interface": {
    "best": 10.94582186160325,
    "index": 13,
    "integer": false,
    "label": "SEI interface",
    "mean": 15.704784505120548,
    "median": 15.177826744799209,
    "p68": [
      10.531157978464634,
      20.995456237538384
    ],
    "p68_range": [
      10.531157978464634,
      20.995456237538384
    ],
    "p95": [
      3.330843901090122,
      29.320609420700233
    ],
    "p95_range": [
      3.330843901090122,
      29.320609420700233
    ],
    "std": 6.22341478189246
  },
  "SEI irho": {
    "best": 0.0007052649971673868,
    "index": 14,
    "integer": false,
    "label": "SEI irho",
    "mean": 0.006681260883333784,
    "median": 0.004551264679699128,
    "p68": [
      0.0011709773286259371,
      0.012260386003757388
    ],
    "p68_range": [
      0.0011709773286259371,
      0.012260386003757388
    ],
    "p95": [
      0.0001884611531367507,
      0.024439658188786715
    ],
    "p95_range": [
      0.0001884611531367507,
      0.024439658188786715
    ],
    "std": 0.006333665312805732
  },
  "SEI rho": {
    "best": 3.7980399602179533,
    "index": 15,
    "integer": false,
    "label": "SEI rho",
    "mean": 3.904768631932304,
    "median": 3.886625909677911,
    "p68": [
      3.806722107657461,
      4.0136934343869815
    ],
    "p68_range": [
      3.806722107657461,
      4.0136934343869815
    ],
    "p95": [
      3.7578535671051396,
      4.075187689150095
    ],
    "p95_range": [
      3.7578535671051396,
      4.075187689150095
    ],
    "std": 0.09424849018306676
  },
  "SEI thickness": {
    "best": 187.06369407396915,
    "index": 16,
    "integer": false,
    "label": "SEI thickness",
    "mean": 187.27803608740658,
    "median": 187.75365959108174,
    "p68": [
      182.79548627740948,
      191.78764439742702
    ],
    "p68_range": [
      182.79548627740948,
      191.78764439742702
    ],
    "p95": [
      174.57927934078018,
      196.6452068971853
    ],
    "p95_range": [
      174.57927934078018,
      196.6452068971853
    ],
    "std": 5.097709491158284
  },
  "THF interface": {
    "best": 56.0912313661183,
    "index": 12,
    "integer": false,
    "label": "THF interface",
    "mean": 57.31910653678085,
    "median": 57.489992794033604,
    "p68": [
      55.379584413512966,
      58.87982393059389
    ],
    "p68_range": [
      55.379584413512966,
      58.87982393059389
    ],
    "p95": [
      53.8935290046955,
      60.571933679848904
    ],
    "p95_range": [
      53.8935290046955,
      60.571933679848904
    ],
    "std": 1.7062539417409237
  },
  "THF rho": {
    "best": 6.245073640506729,
    "index": 2,
    "integer": false,
    "label": "THF rho",
    "mean": 6.276136641227624,
    "median": 6.271032391673714,
    "p68": [
      6.2469611156162355,
      6.3087359779727725
    ],
    "p68_range": [
      6.2469611156162355,
      6.3087359779727725
    ],
    "p95": [
      6.21102618023244,
      6.3506707600776755
    ],
    "p95_range": [
      6.21102618023244,
      6.3506707600776755
    ],
    "std": 0.03426729131897892
  },
  "Ti interface": {
    "best": 1.9196631007078317,
    "index": 23,
    "integer": false,
    "label": "Ti interface",
    "mean": 2.031615257849528,
    "median": 1.9510976919896796,
    "p68": [
      1.410611791854306,
      2.7065318033933945
    ],
    "p68_range": [
      1.410611791854306,
      2.7065318033933945
    ],
    "p95": [
      1.0831322272937445,
      3.1867703879665314
    ],
    "p95_range": [
      1.0831322272937445,
      3.1867703879665314
    ],
    "std": 0.5912358520835505
  },
  "Ti rho": {
    "best": -0.5830095770110832,
    "index": 24,
    "integer": false,
    "label": "Ti rho",
    "mean": -0.5699862006935195,
    "median": -0.5679612470748281,
    "p68": [
      -0.6013853055169707,
      -0.5394497641122511
    ],
    "p68_range": [
      -0.6013853055169707,
      -0.5394497641122511
    ],
    "p95": [
      -0.6311794222194844,
      -0.515535567876424
    ],
    "p95_range": [
      -0.6311794222194844,
      -0.515535567876424
    ],
    "std": 0.03006254098463621
  },
  "Ti thickness": {
    "best": 56.04174113513648,
    "index": 25,
    "integer": false,
    "label": "Ti thickness",
    "mean": 55.94037724218225,
    "median": 55.93570032293008,
    "p68": [
      55.748950452014206,
      56.15194680441486
    ],
    "p68_range": [
      55.748950452014206,
      56.15194680441486
    ],
    "p95": [
      55.532632127102396,
      56.36183806100437
    ],
    "p95_range": [
      55.532632127102396,
      56.36183806100437
    ],
    "std": 0.20324994047681288
  },
  "material interface": {
    "best": 13.267859354941164,
    "index": 17,
    "integer": false,
    "label": "material interface",
    "mean": 12.406733072188146,
    "median": 12.357192398926948,
    "p68": [
      11.881580108549295,
      12.961141135437417
    ],
    "p68_range": [
      11.881580108549295,
      12.961141135437417
    ],
    "p95": [
      11.265033744506745,
      13.82412181630913
    ],
    "p95_range": [
      11.265033744506745,
      13.82412181630913
    ],
    "std": 0.6062786750672111
  },
  "material irho": {
    "best": 0.002997770962184915,
    "index": 18,
    "integer": false,
    "label": "material irho",
    "mean": 0.026994010303607385,
    "median": 0.021078214580222278,
    "p68": [
      0.0051308018201557375,
      0.04954700489593347
    ],
    "p68_range": [
      0.0051308018201557375,
      0.04954700489593347
    ],
    "p95": [
      0.0006330443592578702,
      0.0851823283122109
    ],
    "p95_range": [
      0.0006330443592578702,
      0.0851823283122109
    ],
    "std": 0.023283305340691944
  },
  "material rho": {
    "best": 3.460549199161475,
    "index": 19,
    "integer": false,
    "label": "material rho",
    "mean": 3.6234226788173616,
    "median": 3.6281439867850143,
    "p68": [
      3.5334029177990067,
      3.713818585384651
    ],
    "p68_range": [
      3.5334029177990067,
      3.713818585384651
    ],
    "p95": [
      3.428822548930225,
      3.798835893006808
    ],
    "p95_range": [
      3.428822548930225,
      3.798835893006808
    ],
    "std": 0.09392889338530223
  },
  "material thickness": {
    "best": 34.93307729921375,
    "index": 20,
    "integer": false,
    "label": "material thickness",
    "mean": 36.4929741523457,
    "median": 36.5575807475097,
    "p68": [
      32.298416288520784,
      40.351165879029615
    ],