{
  "Cu interface": {
    "best": 9.11049407161617,
    "index": 7,
    "integer": false,
    "label": "Cu interface",
    "mean": 9.137256120457401,
    "median": 9.140057284459226,
    "p68": [
      9.021432275286692,
      9.250349165410906
    ],
    "p68_range": [
      9.021432275286692,
      9.250349165410906
    ],
    "p95": [
      8.911539215704618,
      9.352546076572926
    ],
    "p95_range": [
      8.911539215704618,
      9.352546076572926
    ],
    "std": 0.11465562819035892
  },
  "Cu rho": {
    "best": 6.542166529704741,
    "index": 8,
    "integer": false,
    "label": "Cu rho",
    "mean": 6.536773324035091,
    "median": 6.5346711496436765,
    "p68": [
      6.512545186135426,
      6.560444910659955
    ],
    "p68_range": [
      6.512545186135426,
      6.560444910659955
    ],
    "p95": [
      6.4864982590400295,
      6.5913177182543565
    ],
    "p95_range": [
      6.4864982590400295,
      6.5913177182543565
    ],
    "std": 0.02516438626382883
  },
  "Cu thickness": {
    "best": 562.7936762441932,
    "index": 9,
    "integer": false,
    "label": "Cu thickness",
    "mean": 564.8215431767239,
    "median": 564.5883525681608,
    "p68": [
      561.9060093946539,
      567.5130363383641
    ],
    "p68_range": [
      561.9060093946539,
      567.5130363383641
    ],
    "p95": [
      559.9911208238702,
      570.7701027628746
    ],
    "p95_range": [
      559.9911208238702,
      570.7701027628746
    ],
    "std": 2.848286287004193
  },
  "SiOx interface": {
    "best": 9.691528511969674,
    "index": 13,
    "integer": false,
    "label": "SiOx interface",
    "mean": 8.498011972091492,
    "median": 8.895923227813782,
    "p68": [
      7.378176096288533,
      9.690349169798722
    ],
    "p68_range": [
      7.378176096288533,
      9.690349169798722
    ],
    "p95": [
      4.8978772658256515,
      9.926980398448967
    ],
    "p95_range": [
      4.8978772658256515,
      9.926980398448967
    ],
    "std": 1.3871364684180514
  },
  "SiOx rho": {
    "best": 2.7972901980482514,
    "index": 14,
    "integer": false,
    "label": "SiOx rho",
    "mean": 2.8356162263777582,
    "median": 2.8116406817813377,
    "p68": [
      2.683985270103246,
      2.9796453851768656
    ],
    "p68_range": [
      2.683985270103246,
      2.9796453851768656
    ],
    "p95": [
      2.566435729521254,
      3.274386092102111
    ],
    "p95_range": [
      2.566435729521254,
      3.274386092102111
    ],
    "std": 0.16763308891211537
  },
  "SiOx thickness": {
    "best": 23.942774100670963,
    "index": 15,
    "integer": false,
    "label": "SiOx thickness",
    "mean": 23.21987058033984,
    "median": 23.664831923192136,
    "p68": [
      21.795375967353877,
      24.598444518501417
    ],
    "p68_range": [
      21.795375967353877,
      24.598444518501417
    ],
    "p95": [
      18.946710206931538,
      24.952591661493628
    ],
    "p95_range": [
      18.946710206931538,
      24.952591661493628
    ],
    "std": 1.5892423999487753
  },
  "THF interface": {
    "best": 15.264729987626527,
    "index": 2,
    "integer": false,
    "label": "THF interface",
    "mean": 15.560289302758992,
    "median": 15.541367289077266,
    "p68": [
      13.214743854723203,
      17.835462810935383
    ],
    "p68_range": [
      13.214743854723203,
      17.835462810935383
    ],
    "p95": [
      11.631512536236796,
      20.182738805304133
    ],
    "p95_range": [
      11.631512536236796,
      20.182738805304133
    ],
    "std": 2.2079723772700586
  },
  "THF rho": {
    "best": 6.278412780572855,
    "index": 3,
    "integer": false,
    "label": "THF rho",
    "mean": 6.239543924571442,
    "median": 6.2440532221091996,
    "p68": [
      6.197690126585452,
      6.282176987069369
    ],
    "p68_range": [
      6.197690126585452,
      6.282176987069369
    ],
    "p95": [
      6.156438571322304,
      6.297301820506006
    ],
    "p95_range": [
      6.156438571322304,
      6.297301820506006
    ],
    "std": 0.03901137790796415
  },
  "Ti interface": {
    "best": 8.439547275571327,
    "index": 10,
    "integer": false,
    "label": "Ti interface",
    "mean": 8.519732372711045,
    "median": 8.494650236652273,
    "p68": [
      7.9554442648133525,
      9.134331782778439
    ],
    "p68_range": [
      7.9554442648133525,
      9.134331782778439
    ],
    "p95": [
      7.5006671610225775,
      9.65035139349085
    ],
    "p95_range": [
      7.5006671610225775,
      9.65035139349085
    ],
    "std": 0.5598915729903052
  },
  "Ti rho": {
    "best": -1.9920467613030266,
    "index": 11,
    "integer": false,
    "label": "Ti rho",
    "mean": -1.9850744262216666,
    "median": -1.989023441213219,
    "p68": [
      -1.9969861661624533,
      -1.9737878839840217
    ],
    "p68_range": [
      -1.9969861661624533,
      -1.9737878839840217
    ],
    "p95": [
      -1.9993831047721318,
      -1.9446713640435294
    ],
    "p95_range": [
      -1.9993831047721318,
      -1.9446713640435294
    ],
    "std": 0.014303899794975383
  },
  "Ti thickness": {
    "best": 53.23579583305466,
    "index": 12,
    "integer": false,
    "label": "Ti thickness",
    "mean": 53.40301010608672,
    "median": 53.34986915000074,
    "p68": [
      53.08551047228872,
      53.699032659897526
    ],
    "p68_range": [
      53.08551047228872,
      53.699032659897526
    ],
    "p95": [
      52.83643313004583,
      54.3220414374986
    ],
    "p95_range": [
      52.83643313004583,
      54.3220414374986
    ],
    "std": 0.36383674151317674
  },
  "intensity": {
    "best": 1.0957647516375324,
    "index": 1,
    "integer": false,
    "label": "intensity",
    "mean": 1.09536656793432,
    "median": 1.0963727327523713,
    "p68": [
      1.09152206217204,
      1.0991331932888484
    ],
    "p68_range": [
      1.09152206217204,
      1.0991331932888484
    ],
    "p95": [
      1.0844810178981772,
      1.099842388221777
    ],
    "p95_range": [
      1.0844810178981772,
      1.099842388221777
    ],
    "std": 0.004078869838161591
  },
  "material interface": {
    "best": 14.987683448573604,
    "index": 4,
    "integer": false,
    "label": "material interface",
    "mean": 15.964433899571716,
    "median": 15.82588647824283,
    "p68": [
      14.15438911552748,
      17.64985235275674
    ],
    "p68_range": [
      14.15438911552748,
      17.64985235275674
    ],
    "p95": [
      12.894516891393549,
      20.049212141335726
    ],
    "p95_range": [
      12.894516891393549,
      20.049212141335726
    ],
    "std": 1.7892873926467765
  },
  "material rho": {
    "best": 4.407648271529008,
    "index": 5,
    "integer": false,
    "label": "material rho",
    "mean": 4.087510749667098,
    "median": 4.1505808544052485,
    "p68": [
      3.681939551842014,
      4.494133418225953
    ],
    "p68_range": [
      3.681939551842014,
      4.494133418225953
    ],
    "p95": [
      3.1821934050446385,
      4.657015216763271
    ],
    "p95_range": [
      3.1821934050446385,
      4.657015216763271
    ],
    "std": 0.4281436630098586
  },
  "material thickness": {
    "best": 39.02276432523734,
    "index": 6,
    "integer": false,
    "label": "material thickness",
    "mean": 34.97006999739859,
    "median": 34.97762707226263,
    "p68": [
      29.234973408353074,
      40.768327994696406
    ],
    "p68_range": [
      29.234973408353074,
      40.768327994696406
    ],
    "p95": [
      23.993945431347992,
      44.21935318814373
    ],
    "p95_range": [
      23.993945431347992,
      44.21935318814373
    ],
    "std": 5.440227674217741
  }
}