{
  "Cu interface": {
    "best": 9.873394295448675,
    "index": 26,
    "integer": false,
    "label": "Cu interface",
    "mean": 9.645987594662337,
    "median": 9.621271131495378,
    "p68": [
      9.465667204334302,
      9.83749781774693
    ],
    "p68_range": [
      9.465667204334302,
      9.83749781774693
    ],
    "p95": [
      9.283339491165233,
      10.100051184661586
    ],
    "p95_range": [
      9.283339491165233,
      10.100051184661586
    ],
    "std": 0.20064042250060965
  },
  "Cu rho": {
    "best": 6.524961741751355,
    "index": 8,
    "integer": false,
    "label": "Cu rho",
    "mean": 6.522438888514971,
    "median": 6.5218369859450025,
    "p68": [
      6.498889308283042,
      6.545521823257584
    ],
    "p68_range": [
      6.498889308283042,
      6.545521823257584
    ],
    "p95": [
      6.474887531662821,
      6.573153001125398
    ],
    "p95_range": [
      6.474887531662821,
      6.573153001125398
    ],
    "std": 0.024746971885709998
  },
  "Cu thickness": {
    "best": 568.1459340761643,
    "index": 27,
    "integer": false,
    "label": "Cu thickness",
    "mean": 568.2539733419825,
    "median": 568.2523006889381,
    "p68": [
      567.7232631382853,
      568.7951373113231
    ],
    "p68_range": [
      567.7232631382853,
      568.7951373113231
    ],
    "p95": [
      567.0574133616884,
      569.5037632858897
    ],
    "p95_range": [
      567.0574133616884,
      569.5037632858897
    ],
    "std": 0.6118298020671696
  },
  "SEI interface": {
    "best": 16.71503835537857,
    "index": 18,
    "integer": false,
    "label": "SEI interface",
    "mean": 15.773229082989095,
    "median": 15.765620120460317,
    "p68": [
      15.149416747329832,
      16.452266135670953
    ],
    "p68_range": [
      15.149416747329832,
      16.452266135670953
    ],
    "p95": [
      14.167868295572585,
      17.29602487588382
    ],
    "p95_range": [
      14.167868295572585,
      17.29602487588382
    ],
    "std": 0.7306468818758104
  },
  "SEI irho": {
    "best": 0.011298513083188416,
    "index": 19,
    "integer": false,
    "label": "SEI irho",
    "mean": 0.02734543853522063,
    "median": 0.0157164152888809,
    "p68": [
      0.00528329826727536,
      0.04231203829012719
    ],
    "p68_range": [
      0.00528329826727536,
      0.04231203829012719
    ],
    "p95": [
      0.0009701863103242615,
      0.16203540467344138
    ],
    "p95_range": [
      0.0009701863103242615,
      0.16203540467344138
    ],
    "std": 0.03735856055279101
  },
  "SEI rho": {
    "best": 4.4373058744366265,
    "index": 20,
    "integer": false,
    "label": "SEI rho",
    "mean": 4.313947230661646,
    "median": 4.292917501607874,
    "p68": [
      4.1883133338712035,
      4.462392214489333
    ],
    "p68_range": [
      4.1883133338712035,
      4.462392214489333
    ],
    "p95": [
      4.042409870347866,
      4.604454223657937
    ],
    "p95_range": [
      4.042409870347866,
      4.604454223657937
    ],
    "std": 0.1381251234721075
  },
  "SEI thickness": {
    "best": 174.37592785144244,
    "index": 21,
    "integer": false,
    "label": "SEI thickness",
    "mean": 178.22000361885864,
    "median": 179.27163792511325,
    "p68": [
      173.7920207154605,
      181.79772845768798
    ],
    "p68_range": [
      173.7920207154605,
      181.79772845768798
    ],
    "p95": [
      167.58847524125292,
      185.40031242538504
    ],
    "p95_range": [
      167.58847524125292,
      185.40031242538504
    ],
    "std": 4.436881934592798
  },
  "SiOx interface": {
    "best": 4.782927226640251,
    "index": 13,
    "integer": false,
    "label": "SiOx interface",
    "mean": 7.737547901856292,
    "median": 8.197938702377307,
    "p68": [
      6.328985451489444,
      8.979167905895963
    ],
    "p68_range": [
      6.328985451489444,
      8.979167905895963
    ],
    "p95": [
      3.6323045348180734,
      9.594093967873347
    ],
    "p95_range": [
      3.6323045348180734,
      9.594093967873347
    ],
    "std": 1.5563220843349805
  },
  "SiOx rho": {
    "best": 2.878998190920925,
    "index": 14,
    "integer": false,
    "label": "SiOx rho",
    "mean": 2.710728270622443,
    "median": 2.711233084486398,
    "p68": [
      2.6384348298032165,
      2.7781317306189686
    ],
    "p68_range": [
      2.6384348298032165,
      2.7781317306189686
    ],
    "p95": [
      2.54848718451601,
      2.8901202927371337
    ],
    "p95_range": [
      2.54848718451601,
      2.8901202927371337
    ],
    "std": 0.08267806588698688
  },
  "SiOx thickness": {
    "best": 23.513254055730986,
    "index": 15,
    "integer": false,
    "label": "SiOx thickness",
    "mean": 23.683906893587533,
    "median": 23.909644054265538,
    "p68": [
      22.880743772689122,
      24.47026769797268
    ],
    "p68_range": [
      22.880743772689122,
      24.47026769797268
    ],
    "p95": [
      21.139851605939317,
      24.78612585448089
    ],
    "p95_range": [
      21.139851605939317,
      24.78612585448089
    ],
    "std": 0.9230511338729429
  },
  "THF interface": {
    "best": 59.08426093398308,
    "index": 17,
    "integer": false,
    "label": "THF interface",
    "mean": 58.914721790039046,
    "median": 58.83995520586778,
    "p68": [
      57.38765285400363,
      60.121594291974425
    ],
    "p68_range": [
      57.38765285400363,
      60.121594291974425
    ],
    "p95": [
      55.10748805338616,
      64.02891346622413
    ],
    "p95_range": [
      55.10748805338616,
      64.02891346622413
    ],
    "std": 1.9747977218253585
  },
  "THF rho": {
    "best": 6.240534633404235,
    "index": 3,
    "integer": false,
    "label": "THF rho",
    "mean": 6.1909070116214755,
    "median": 6.192879506945123,
    "p68": [
      6.138163702758689,
      6.245533651311817
    ],
    "p68_range": [
      6.138163702758689,
      6.245533651311817
    ],
    "p95": [
      6.079085111301261,
      6.289435104395563
    ],
    "p95_range": [
      6.079085111301261,
      6.289435104395563
    ],
    "std": 0.05499751308262475
  },
  "Ti interface": {
    "best": 14.947963515578916,
    "index": 28,
    "integer": false,
    "label": "Ti interface",
    "mean": 13.406548063647751,
    "median": 13.389876800786494,
    "p68": [
      12.944610553320882,
      13.857796511881958
    ],
    "p68_range": [
      12.944610553320882,
      13.857796511881958
    ],
    "p95": [
      12.332596851337401,
      14.579585883147328
    ],
    "p95_range": [
      12.332596851337401,
      14.579585883147328
    ],
    "std": 0.5316271485362086
  },
  "Ti rho": {
    "best": -1.419152990119478,
    "index": 29,
    "integer": false,
    "label": "Ti rho",
    "mean": -1.3695933536183873,
    "median": -1.3745901272940773,
    "p68": [
      -1.4435368624602105,
      -1.2964133797258126
    ],
    "p68_range": [
      -1.4435368624602105,
      -1.2964133797258126
    ],
    "p95": [
      -1.519834738974645,
      -1.2090997750812478
    ],
    "p95_range": [
      -1.519834738974645,
      -1.2090997750812478
    ],
    "std": 0.07841342350547512
  },
  "Ti thickness": {
    "best": 53.62108355042854,
    "index": 30,
    "integer": false,
    "label": "Ti thickness",
    "mean": 53.26275204908009,
    "median": 53.24933165635771,
    "p68": [
      52.8770388128855,
      53.62423903655445
    ],
    "p68_range": [
      52.8770388128855,
      53.62423903655445
    ],
    "p95": [
      52.41230948861785,
      54.260561260438834
    ],
    "p95_range": [
      52.41230948861785,
      54.260561260438834
    ],
    "std": 0.45281061912129283
  },
  "intensity": {
    "best": 1.033852886299811,
    "index": 16,
    "integer": false,
    "label": "intensity",
    "mean": 1.0363908574099059,
    "median": 1.0360087382337966,
    "p68": [
      1.017917433906008,
      1.054373087066976
    ],
    "p68_range": [
      1.017917433906008,
      1.054373087066976
    ],